file_name,segments
across_10000.txt, 1-367-711-1087-1558
across_10044.txt, 1-674-1196-1624-2009
across_10062.txt, 1-350-628-987-1373
across_10063.txt, 1-336-722-1064-1375
across_10068.txt, 1-429-771-1112-1600
across_10070.txt, 1-452-1505-1941-2427
across_10075.txt, 1-1361-1874-2341-2816
across_10087.txt, 1-303-706-1099-1586
across_10128.txt, 1-742-1252-1794-2239
across_10176.txt, 1-356-698-1054-1530
across_10189.txt, 1-386-1005-1493-3493
across_10230.txt, 1-526-970-1464-1840
across_10247.txt, 1-320-643-1035-1548
across_10267.txt, 1-533-883-1401-2047
across_10323.txt, 1-342-887-1244-1677
across_10336.txt, 1-758-1624-1968-2286
across_10346.txt, 1-448-791-1196-1652
across_10349.txt, 1-913-1878-2247-2643
across_10350.txt, 1-440-860-1235-1571
across_10358.txt, 1-379-770-1273-1628
across_10396.txt, 1-355-732-1134-1559
across_10407.txt, 1-339-723-1081-1456
across_10421.txt, 1-470-941-1431-1828
across_10437.txt, 1-406-812-1349-1797
across_10447.txt, 1-496-905-1294-1586
across_10453.txt, 1-546-888-1276-1680
across_10464.txt, 1-443-782-1092-1457
across_10475.txt, 1-456-1032-1506-1954
across_10483.txt, 1-332-834-1209-2471
across_10499.txt, 1-342-721-1152-2689
across_10507.txt, 1-593-876-1152-1658
across_10554.txt, 1-428-794-1982-2345
across_11804.txt, 1-375-714-1140-1489
across_11809.txt, 1-378-888-1298-1645
across_11813.txt, 1-331-734-1262-1572
across_11816.txt, 1-425-842-1299-1760
across_11818.txt, 1-451-903-1388-1778
across_11826.txt, 1-344-704-1087-1440
across_11837.txt, 1-568-1105-1416-1879
across_11844.txt, 1-315-779-1246-1607
across_11850.txt, 1-315-663-984-1326
across_11861.txt, 1-358-799-1247-2308
across_11869.txt, 1-397-810-1305-1774
across_11890.txt, 1-323-866-1227-1567
across_11892.txt, 1-422-752-1109-1553
across_11895.txt, 1-455-849-1158-1553
across_11901.txt, 1-328-1247-1721-2149
across_11908.txt, 1-349-734-1156-1672
across_11928.txt, 1-366-862-1260-1602
across_11939.txt, 1-348-752-1099-1422
across_11954.txt, 1-513-1040-1420-1820
across_12018.txt, 1-389-783-1103-1416
across_12030.txt, 1-360-917-1379-1721
across_12031.txt, 1-312-610-1009-1461
across_12037.txt, 1-342-727-1178-1707
across_12044.txt, 1-303-805-1237-1600
across_12072.txt, 1-414-875-1246-1680
across_12074.txt, 1-465-791-1137-1522
across_12112.txt, 1-521-908-1214-1618
across_12130.txt, 1-382-801-1145-1634
across_12142.txt, 1-569-964-1385-1806
across_12153.txt, 1-403-858-1315-1758
across_12155.txt, 1-357-779-1128-1431
across_12188.txt, 1-497-897-1269-1652
across_12195.txt, 1-350-693-1055-1393
across_12242.txt, 1-316-760-1187-1517
across_12274.txt, 1-492-853-1275-1599
across_12330.txt, 1-356-697-1134-1490
across_12360.txt, 1-362-917-1256-1755
across_12407.txt, 1-510-948-1349-3371
across_12417.txt, 1-387-796-1242-1611
across_12431.txt, 1-462-861-1293-1965
across_12441.txt, 1-302-773-1158-1455
across_12443.txt, 1-544-1150-1494-2207
across_12444.txt, 1-400-857-1212-1947
across_12455.txt, 1-401-885-1245-1696
across_12457.txt, 1-360-750-1143-1528
across_12464.txt, 1-763-1192-1656-2390
across_12482.txt, 1-370-812-1212-1548
across_12484.txt, 1-336-652-1228-1572
across_12493.txt, 1-329-780-1125-1552
across_12504.txt, 1-309-620-1000-1436
across_12507.txt, 1-383-1741-2143-2587
across_12508.txt, 1-313-933-1531-1971
across_12512.txt, 1-455-920-1282-1667
across_12513.txt, 1-472-3005-3483-3908
across_12531.txt, 1-325-742-1114-1463
across_12959.txt, 1-336-688-1078-1500
across_12962.txt, 1-342-793-1140-1563
across_12971.txt, 1-391-736-1136-1472
across_12993.txt, 1-421-763-1153-1535
across_13017.txt, 1-435-785-1220-1573
across_13700.txt, 1-509-869-1250-1588
across_13718.txt, 1-386-899-1268-1823
across_13732.txt, 1-356-754-1202-1538
across_13737.txt, 1-1237-1682-2005-2383
across_13756.txt, 1-743-1086-1731-2266
across_13760.txt, 1-498-836-1227-1626
across_13766.txt, 1-336-762-1170-1566
across_13781.txt, 1-782-1183-1767-2256
across_13807.txt, 1-401-863-1335-1674
across_13821.txt, 1-396-831-1310-1704
across_13848.txt, 1-401-764-1106-1438
across_13864.txt, 1-540-968-1366-1813
across_13866.txt, 1-327-685-1141-1510
across_13883.txt, 1-433-884-1302-1623
across_13890.txt, 1-452-942-1265-1620
across_13921.txt, 1-470-788-1188-1587
across_13922.txt, 1-356-678-1089-1459
across_13935.txt, 1-404-791-1284-1620
across_13959.txt, 1-456-1007-1426-1926
across_13977.txt, 1-350-827-1202-1682
across_14043.txt, 1-494-1005-1338-1707
across_14058.txt, 1-348-810-1156-1663
across_14107.txt, 1-334-675-1030-1372
across_14125.txt, 1-374-769-1242-1672
across_14137.txt, 1-319-681-1101-1627
across_14139.txt, 1-311-624-1031-1373
across_14153.txt, 1-289-619-1096-1521
across_14155.txt, 1-954-1388-1870-2204
across_14183.txt, 1-372-766-2083-2364
across_14184.txt, 1-339-770-1157-1487
across_14199.txt, 1-437-884-1273-1637
across_14272.txt, 1-538-899-1344-1723
across_14289.txt, 1-538-925-1335-1675
across_14313.txt, 1-422-755-1380-1752
across_14314.txt, 1-352-731-1127-1615
across_14361.txt, 1-342-660-1041-1374
across_14366.txt, 1-466-855-1214-1622
across_14367.txt, 1-416-829-1245-1595
across_14390.txt, 1-371-786-1297-1618
across_14395.txt, 1-442-924-1275-1801
across_14417.txt, 1-360-747-1181-1682
across_14422.txt, 1-373-758-1145-1609
across_14440.txt, 1-301-798-1168-1518
across_14449.txt, 1-404-1045-1450-1762
across_14462.txt, 1-413-709-1124-1631
across_14464.txt, 1-585-1048-1811-2215
across_14487.txt, 1-386-1174-1582-2388
across_14491.txt, 1-489-824-1316-1712
across_14497.txt, 1-386-769-1194-1713
across_14506.txt, 1-305-671-1188-1586
across_14532.txt, 1-431-901-1265-1710
across_14540.txt, 1-420-732-1052-1521
across_14552.txt, 1-400-718-1127-1388
across_14582.txt, 1-520-832-1234-1536
across_14604.txt, 1-441-1200-1658-2260
across_14642.txt, 1-368-764-1298-1734
across_14646.txt, 1-394-905-1199-1558
across_14655.txt, 1-409-809-1190-1757
across_14668.txt, 1-471-825-1172-1640
across_14672.txt, 1-363-854-1228-1651
across_14675.txt, 1-378-760-1056-1409
across_14680.txt, 1-325-650-1070-1540
across_14691.txt, 1-395-912-1571-2019
across_14718.txt, 1-486-798-1379-1706
across_14786.txt, 1-390-769-1235-1629
across_14805.txt, 1-275-775-1136-2809
across_14812.txt, 1-399-916-1409-1741
across_14817.txt, 1-467-879-1300-1797
across_14826.txt, 1-469-762-1172-1586
across_14831.txt, 1-517-932-1342-1786
across_14837.txt, 1-390-1062-1588-2016
across_14857.txt, 1-413-900-1380-1762
across_14859.txt, 1-544-886-1226-1615
across_14902.txt, 1-311-853-1242-1604
across_14906.txt, 1-323-724-1179-1664
across_14934.txt, 1-387-792-1248-1736
across_14991.txt, 1-310-838-1366-1747
across_14995.txt, 1-465-813-1224-1697
across_15003.txt, 1-414-815-1198-1589
across_15005.txt, 1-501-810-1122-1523
across_15030.txt, 1-434-780-1213-1599
across_15048.txt, 1-347-912-1448-1998
across_15065.txt, 1-406-844-1945-2296
across_15074.txt, 1-536-933-1294-1671
across_15077.txt, 1-495-904-1248-1749
across_15084.txt, 1-1666-2149-2528-2854
across_15094.txt, 1-382-772-1102-1521
across_15095.txt, 1-428-1066-1568-2000
across_15109.txt, 1-439-752-1197-1623
across_15122.txt, 1-353-809-1202-1676
across_15139.txt, 1-513-949-1357-1748
across_15147.txt, 1-371-698-1102-1584
across_15153.txt, 1-456-957-1430-1852
across_15157.txt, 1-444-800-1270-2289
across_15160.txt, 1-420-771-1342-1744
across_15183.txt, 1-522-895-1368-1759
across_15201.txt, 1-471-810-1151-1655
across_15219.txt, 1-339-748-1103-1519
across_15228.txt, 1-882-1278-1865-3702
across_15236.txt, 1-489-835-1260-1638
across_15265.txt, 1-426-724-1242-1563
across_15298.txt, 1-421-823-1215-1586
across_15300.txt, 1-291-704-1665-2113
across_15310.txt, 1-369-798-1174-1642
across_15324.txt, 1-388-888-1885-2185
across_15325.txt, 1-356-766-1093-1412
across_15384.txt, 1-419-722-1091-1529
across_15439.txt, 1-367-786-1314-1900
across_15487.txt, 1-355-680-1082-1528
across_15490.txt, 1-473-882-1336-1729
across_15491.txt, 1-374-826-1134-1500
across_15498.txt, 1-426-833-1127-1532
across_15510.txt, 1-450-825-1387-1845
across_15527.txt, 1-335-859-1276-1989
across_15644.txt, 1-325-1949-2248-2592
across_15657.txt, 1-571-993-1571-2002
across_15660.txt, 1-1151-1493-1973-2299
across_15671.txt, 1-399-930-1346-1821
across_15758.txt, 1-490-968-1380-1821
across_15776.txt, 1-431-942-1464-1808
across_15785.txt, 1-394-831-1257-1603
across_15789.txt, 1-485-951-2625-3066
across_15791.txt, 1-302-735-1157-1520
across_15799.txt, 1-386-844-1208-1679
across_15802.txt, 1-350-827-1167-1567
across_15836.txt, 1-448-949-1371-2128
across_15854.txt, 1-356-692-1028-2755
across_15874.txt, 1-425-915-1247-1702
across_15897.txt, 1-410-1293-1790-2252
across_15922.txt, 1-375-828-1154-1538
across_15941.txt, 1-466-876-1386-1796
across_15946.txt, 1-390-903-1324-1919
across_15959.txt, 1-501-917-1269-1672
across_15963.txt, 1-383-836-1308-1808
across_15969.txt, 1-527-908-2859-3265
across_15984.txt, 1-477-802-1130-1494
across_16003.txt, 1-485-871-1202-1852
across_16061.txt, 1-368-707-1009-1365
across_16098.txt, 1-350-841-3469-3943
across_16115.txt, 1-1151-1709-2163-2584
across_16124.txt, 1-439-889-1207-1818
across_16125.txt, 1-502-868-1323-1722
across_16156.txt, 1-384-694-1044-1507
across_16169.txt, 1-334-811-1182-1512
across_16194.txt, 1-600-1081-1471-1925
across_16206.txt, 1-372-933-1393-1698
across_16228.txt, 1-355-753-1095-1475
across_16235.txt, 1-479-823-1181-1565
across_16247.txt, 1-393-776-1208-1600
across_16318.txt, 1-484-867-1261-1592
across_16328.txt, 1-379-844-1298-1744
across_16330.txt, 1-383-767-1108-1470
across_16349.txt, 1-351-709-1052-1587
across_16352.txt, 1-691-1159-1654-2156
across_16376.txt, 1-568-880-1243-1592
across_16384.txt, 1-352-861-1220-2366
across_16392.txt, 1-583-1029-1562-2037
across_16420.txt, 1-377-1053-1376-1763
across_16429.txt, 1-373-868-1227-1613
across_16443.txt, 1-378-972-1332-1700
across_16477.txt, 1-331-653-969-1442
across_16485.txt, 1-535-899-1398-1825
across_16499.txt, 1-380-802-1246-1611
across_16541.txt, 1-379-677-1090-1593
across_16546.txt, 1-362-886-1218-1770
across_16618.txt, 1-368-664-1087-1417
across_16691.txt, 1-344-813-1298-1802
across_16697.txt, 1-401-701-1025-1413
across_16708.txt, 1-507-919-1316-1782
across_16743.txt, 1-305-678-1187-1618
across_16764.txt, 1-475-821-1286-1577
across_16851.txt, 1-467-928-1411-1901
across_16853.txt, 1-589-982-1342-1726
across_16858.txt, 1-396-733-1055-1447
across_16866.txt, 1-352-690-1068-1415
across_16873.txt, 1-406-854-1194-1590
across_16887.txt, 1-419-767-1170-1854
across_16895.txt, 1-470-824-1302-2104
across_16897.txt, 1-313-711-1080-1496
across_16904.txt, 1-516-924-1342-1898
across_16972.txt, 1-397-711-1283-1821
across_16976.txt, 1-369-706-1011-1357
across_16991.txt, 1-409-827-1193-1571
across_16994.txt, 1-464-814-1299-1616
across_16995.txt, 1-352-1071-1574-1982
across_17003.txt, 1-351-683-1017-1549
across_17008.txt, 1-280-803-1238-1697
across_17010.txt, 1-350-779-1247-1705
across_17018.txt, 1-312-625-1065-1412
across_17024.txt, 1-574-997-1377-1857
across_17044.txt, 1-553-943-1300-1667
across_17053.txt, 1-508-895-1265-1672
across_17063.txt, 1-299-600-957-1522
across_17092.txt, 1-2014-2372-2789-3108
across_17094.txt, 1-412-721-1086-1568
across_17098.txt, 1-411-819-1394-1828
across_17102.txt, 1-425-848-1363-1667
across_17136.txt, 1-326-1085-1490-2122
across_17138.txt, 1-409-842-1283-1670
across_17167.txt, 1-472-876-1297-1729
across_17171.txt, 1-412-814-1681-2070
across_17196.txt, 1-411-897-1279-1638
across_17202.txt, 1-409-2797-3156-3493
across_17206.txt, 1-432-861-1225-1561
across_17218.txt, 1-428-891-1270-2771
across_17241.txt, 1-357-820-1324-1852
across_17251.txt, 1-458-1014-1399-1892
across_17277.txt, 1-479-893-1358-1720
across_17288.txt, 1-457-824-1371-1772
across_17319.txt, 1-496-968-2014-2351
across_17342.txt, 1-358-702-1190-1595
across_17351.txt, 1-410-1072-1521-1905
across_17358.txt, 1-337-805-1126-1492
across_17361.txt, 1-1341-1756-2166-2627
across_17379.txt, 1-537-1116-1634-2126
across_17397.txt, 1-507-915-1427-4101
across_17402.txt, 1-333-732-1077-1413
across_17414.txt, 1-366-674-1195-1521
across_17422.txt, 1-444-979-1331-1796
across_17427.txt, 1-427-776-1144-1532
across_17434.txt, 1-335-830-1406-1765
across_17440.txt, 1-863-1588-1920-2336
across_17445.txt, 1-377-870-1897-2214
across_17462.txt, 1-596-1046-1437-1829
across_17477.txt, 1-291-666-1045-1419
across_17479.txt, 1-625-1020-1463-1872
across_17512.txt, 1-342-776-1342-2562
across_17526.txt, 1-332-747-1084-1517
across_17537.txt, 1-432-838-1259-1788
across_17538.txt, 1-370-1195-1796-2250
across_17553.txt, 1-389-742-1117-1533
across_17594.txt, 1-558-923-1335-1667
across_17595.txt, 1-414-743-1106-1577
across_17598.txt, 1-313-723-1089-1419
across_17613.txt, 1-387-692-1051-1506
across_17639.txt, 1-636-963-1548-2129
across_17663.txt, 1-405-807-1243-1636
across_17664.txt, 1-345-789-1204-1537
across_17677.txt, 1-1278-1713-2093-2604
across_17683.txt, 1-418-761-1111-1432
across_17693.txt, 1-323-705-1044-1593
across_17711.txt, 1-409-738-1198-1529
across_17734.txt, 1-401-886-1292-1723
across_17735.txt, 1-471-876-1274-1630
across_17739.txt, 1-403-868-1199-1549
across_17753.txt, 1-385-692-1035-1496
across_17766.txt, 1-375-774-1182-1538
across_17774.txt, 1-414-718-1117-1602
across_17787.txt, 1-481-904-1305-1740
across_17790.txt, 1-428-825-1170-1493
across_17796.txt, 1-381-890-1325-1765
across_17802.txt, 1-408-828-1152-1494
across_17856.txt, 1-422-797-1106-1446
across_17857.txt, 1-582-920-1266-1672
across_17906.txt, 1-767-1193-1602-2057
across_17914.txt, 1-372-710-1217-1590
across_17922.txt, 1-528-861-1301-1630
across_17930.txt, 1-498-807-1129-1522
across_17934.txt, 1-476-801-1110-1550
across_17975.txt, 1-349-749-1123-2015
across_17976.txt, 1-449-855-1168-1614
across_17985.txt, 1-304-644-962-2403
across_18025.txt, 1-880-1209-1625-2239
across_18034.txt, 1-494-976-1644-2180
across_18062.txt, 1-337-724-1070-1490
across_18116.txt, 1-354-705-1049-1518
across_18148.txt, 1-491-975-2390-2698
across_18149.txt, 1-417-771-1149-1567
across_18165.txt, 1-406-968-1820-2253
across_18173.txt, 1-438-942-1375-1831
across_18181.txt, 1-364-697-1003-1398
across_18204.txt, 1-598-999-1420-1871
across_18258.txt, 1-395-861-1263-1690
across_18259.txt, 1-333-779-1264-1684
across_18269.txt, 1-497-888-1296-1645
across_18335.txt, 1-970-1334-1704-2115
across_18361.txt, 1-307-726-1027-1324
across_18365.txt, 1-391-877-1260-1607
across_18400.txt, 1-404-748-1189-1549
across_18402.txt, 1-348-707-1093-1508
across_18410.txt, 1-333-683-1008-1476
across_18419.txt, 1-391-752-1167-1511
across_18422.txt, 1-440-789-1235-1699
across_18439.txt, 1-303-805-1158-1549
across_18473.txt, 1-446-804-1178-1554
across_18485.txt, 1-312-611-1146-1567
across_18495.txt, 1-348-719-1187-1628
across_18511.txt, 1-459-779-1207-1528
across_18522.txt, 1-2209-2535-2964-3333
across_18530.txt, 1-311-758-1317-1771
across_18552.txt, 1-405-707-1120-1467
across_18570.txt, 1-489-836-1217-1713
across_18579.txt, 1-415-880-1231-1536
across_18588.txt, 1-333-4165-4500-4970
across_18595.txt, 1-404-783-1201-1654
across_18610.txt, 1-325-668-1071-1500
across_18626.txt, 1-409-766-1146-1559
across_18632.txt, 1-405-758-1118-1516
across_18638.txt, 1-2483-2910-3318-3662
across_18640.txt, 1-367-698-1075-1411
across_18660.txt, 1-401-812-1402-1801
across_18679.txt, 1-364-807-1411-1810
across_18690.txt, 1-439-885-1378-1740
across_18723.txt, 1-534-891-1271-1709
across_18727.txt, 1-286-596-1043-1411
across_18736.txt, 1-393-735-1070-1491
across_18738.txt, 1-432-825-1192-1666
across_18744.txt, 1-362-760-1176-1532
across_18764.txt, 1-346-753-1137-1569
across_18765.txt, 1-357-765-1161-1635
across_18766.txt, 1-377-809-1180-2368
across_18781.txt, 1-384-721-1109-1579
across_18809.txt, 1-323-664-1081-1534
across_18826.txt, 1-389-766-1109-1418
across_18828.txt, 1-764-1581-2022-2405
across_18832.txt, 1-305-805-1152-1616
across_18841.txt, 1-464-790-1137-1495
across_18844.txt, 1-330-727-1170-1662
across_18846.txt, 1-331-739-1166-1565
across_18881.txt, 1-384-803-1128-1472
across_18890.txt, 1-324-755-1210-1540
across_18895.txt, 1-351-746-1159-1587
across_18903.txt, 1-383-699-1108-1442
across_18918.txt, 1-510-1304-1668-2170
across_18928.txt, 1-502-1135-1536-1898
across_18944.txt, 1-270-735-1141-1472
across_18978.txt, 1-438-780-1241-1621
across_18988.txt, 1-454-809-1151-1522
across_19010.txt, 1-434-822-1169-1642
across_19018.txt, 1-286-864-1300-1637
across_19025.txt, 1-345-682-994-1316
across_19059.txt, 1-757-1158-1595-2061
across_19070.txt, 1-383-813-1217-1686
across_19091.txt, 1-437-884-1258-1569
across_19100.txt, 1-608-1016-1589-2257
across_19126.txt, 1-364-727-1087-1435
across_19129.txt, 1-311-676-1044-1415
across_19135.txt, 1-513-1072-1470-1847
across_19152.txt, 1-385-796-1226-1610
across_19167.txt, 1-492-878-1231-1532
across_19202.txt, 1-391-901-1499-1953
across_19216.txt, 1-533-949-1534-1989
across_19227.txt, 1-315-648-1176-1515
across_19241.txt, 1-547-942-1418-1919
across_19269.txt, 1-343-708-1141-1675
across_19315.txt, 1-362-706-1052-1459
across_19325.txt, 1-424-734-1137-2718
across_19336.txt, 1-353-769-1103-1482
across_19342.txt, 1-358-851-1255-1637
across_19346.txt, 1-349-845-1235-1717
across_19421.txt, 1-451-876-1294-1767
across_19448.txt, 1-323-638-1082-1472
across_19453.txt, 1-488-895-1208-1645
across_19497.txt, 1-402-757-1136-1545
across_19500.txt, 1-462-790-1238-2707
across_19512.txt, 1-349-741-1092-1617
across_19516.txt, 1-1067-1412-1869-2230
across_19555.txt, 1-335-679-2167-2492
across_19572.txt, 1-392-780-1244-1669
across_19592.txt, 1-300-631-1026-1457
across_19595.txt, 1-485-915-1365-1681
across_19605.txt, 1-325-783-1213-2295
across_19655.txt, 1-338-682-1144-1576
across_19656.txt, 1-630-1096-1541-1944
across_19659.txt, 1-354-723-1109-1534
across_19678.txt, 1-515-1058-1443-2009
across_19718.txt, 1-478-953-1297-1748
across_19738.txt, 1-408-808-1164-1555
across_19745.txt, 1-516-830-1379-1715
across_19746.txt, 1-318-771-1269-1800
across_19755.txt, 1-358-915-1354-1790
across_19756.txt, 1-342-789-1207-1606
across_19763.txt, 1-337-666-1132-1647
across_19774.txt, 1-414-710-1302-1691
across_19776.txt, 1-494-861-1379-2534
across_19784.txt, 1-354-912-1370-1836
across_19787.txt, 1-379-781-1278-1574
across_19815.txt, 1-633-1387-1891-2273
across_19824.txt, 1-754-1205-1659-2278
across_19826.txt, 1-342-710-1053-1609
across_19830.txt, 1-540-1071-1446-1840
across_19833.txt, 1-1028-1340-1790-2250
across_19837.txt, 1-494-797-1189-1511
across_19879.txt, 1-380-816-1164-1530
across_19894.txt, 1-472-959-1412-2162
across_19901.txt, 1-503-952-1728-2136
across_19917.txt, 1-449-780-1119-2200
across_19925.txt, 1-311-705-1086-1479
across_19939.txt, 1-426-730-1073-1587
across_19946.txt, 1-472-935-1268-1650
across_19947.txt, 1-407-738-1110-1490
across_19959.txt, 1-387-865-1170-1591
across_19966.txt, 1-406-2378-2805-3185
across_19967.txt, 1-529-886-1278-1614
across_19977.txt, 1-424-904-1205-1522
across_19988.txt, 1-395-702-1235-1681
across_20029.txt, 1-389-856-1294-1716
across_20035.txt, 1-392-822-1182-1664
across_20044.txt, 1-546-1113-1711-2029
across_20060.txt, 1-455-823-1364-1689
across_20062.txt, 1-427-842-1261-1738
across_20083.txt, 1-322-966-1285-1648
across_20087.txt, 1-473-890-1792-2186
across_20104.txt, 1-378-759-1077-1461
across_20192.txt, 1-413-836-1350-1755
across_20195.txt, 1-372-720-1066-1456
across_20206.txt, 1-367-769-1204-1594
across_20227.txt, 1-414-770-1116-1457
across_20233.txt, 1-376-916-1664-2160
across_20236.txt, 1-342-760-1190-2336
across_20238.txt, 1-449-881-1234-1703
across_20276.txt, 1-339-819-1234-1702
across_20282.txt, 1-418-874-1334-1876
across_20309.txt, 1-453-1130-1547-1977
across_20356.txt, 1-420-786-1189-1500
across_20361.txt, 1-435-894-1542-2019
across_20395.txt, 1-528-932-1972-2314
across_20411.txt, 1-480-882-1214-1562
across_20412.txt, 1-1329-1798-2164-2550
across_20426.txt, 1-1079-1476-1828-2302
across_20428.txt, 1-393-881-1249-1753
across_20435.txt, 1-520-1071-1529-1860
across_20452.txt, 1-395-1248-1676-2047
across_20455.txt, 1-615-992-1361-1671
across_20463.txt, 1-568-1035-1577-2115
across_20464.txt, 1-495-862-1356-1733
across_20466.txt, 1-420-867-1340-1840
across_20475.txt, 1-349-748-1210-1564
across_20497.txt, 1-318-672-975-1558
across_20562.txt, 1-1104-1428-1875-2373
across_20572.txt, 1-354-797-1162-1487
across_20607.txt, 1-353-739-1189-1750
across_20623.txt, 1-331-820-1351-1847
across_20633.txt, 1-541-860-1335-1789
across_20636.txt, 1-361-737-1061-1461
across_20637.txt, 1-394-787-1143-1450
across_20639.txt, 1-490-901-1322-1625
across_20642.txt, 1-408-883-1381-1867
across_20647.txt, 1-484-856-1351-1708
across_20679.txt, 1-805-1343-1718-2092
across_20681.txt, 1-436-809-1217-1626
across_20684.txt, 1-484-1501-1882-2368
across_20711.txt, 1-424-774-1139-1503
across_20780.txt, 1-455-963-1392-1727
across_20793.txt, 1-385-790-1309-1683
across_20795.txt, 1-536-920-1328-1704
across_20799.txt, 1-429-917-1519-1945
across_20837.txt, 1-472-787-1243-1604
across_20855.txt, 1-481-915-1443-1763
across_20860.txt, 1-325-712-1152-1589
across_20904.txt, 1-444-781-1148-1593
across_20916.txt, 1-550-975-1335-1655
across_20928.txt, 1-454-862-1253-1597
across_20947.txt, 1-456-852-1309-1807
across_20978.txt, 1-545-1008-1345-2189
across_4225.txt, 1-369-813-1171-1514
across_4250.txt, 1-389-943-1299-1775
across_4251.txt, 1-352-676-1099-1498
across_4263.txt, 1-461-1655-1973-2331
across_4274.txt, 1-400-759-1878-2364
across_4278.txt, 1-388-823-1214-1671
across_4306.txt, 1-375-840-1245-1626
across_4325.txt, 1-523-1132-1663-2069
across_4326.txt, 1-383-702-1220-1681
across_4361.txt, 1-464-795-1153-1457
across_4365.txt, 1-370-766-1202-1617
across_4381.txt, 1-350-742-1100-1476
across_4383.txt, 1-439-909-1391-1766
across_4395.txt, 1-430-859-1218-1664
across_4396.txt, 1-459-934-1353-1876
across_4418.txt, 1-353-753-1203-1733
across_4446.txt, 1-552-1032-1442-1764
across_4447.txt, 1-1482-1912-2273-2759
across_4460.txt, 1-359-868-1170-1570
across_4469.txt, 1-369-765-1183-1904
across_4470.txt, 1-329-732-1096-1474
across_4478.txt, 1-483-823-1168-1481
across_4487.txt, 1-487-902-1218-1551
across_4507.txt, 1-358-720-1123-1597
across_4536.txt, 1-374-697-1081-1431
across_4537.txt, 1-484-880-1268-1813
across_4558.txt, 1-671-1088-1427-1823
across_4564.txt, 1-473-1309-1759-2086
across_4567.txt, 1-538-919-1364-1754
across_4572.txt, 1-435-820-1125-1440
across_4586.txt, 1-374-832-1233-1756
across_4594.txt, 1-455-851-1284-1724
across_4644.txt, 1-399-833-1146-1514
across_4655.txt, 1-442-973-1371-1840
across_4662.txt, 1-314-640-1020-1355
across_4663.txt, 1-417-834-1130-1559
across_4668.txt, 1-788-1178-1696-2225
across_4688.txt, 1-512-907-1271-1633
across_4751.txt, 1-320-646-1104-1566
across_4791.txt, 1-523-851-1618-2156
across_4804.txt, 1-406-868-1220-1675
across_4807.txt, 1-641-1111-1474-1999
across_4835.txt, 1-346-872-1339-1845
across_4851.txt, 1-349-822-1174-1815
across_4874.txt, 1-334-704-1027-1334
across_4883.txt, 1-415-876-1211-1577
across_4914.txt, 1-367-1480-1950-2403
across_4941.txt, 1-412-870-1308-1628
across_4948.txt, 1-502-821-1247-1751
across_4960.txt, 1-361-841-1220-1594
across_4962.txt, 1-633-971-1330-1722
across_4990.txt, 1-377-749-1125-1467
across_5027.txt, 1-397-758-1137-1507
across_5060.txt, 1-382-684-1074-1606
across_5086.txt, 1-324-634-1093-1575
across_5113.txt, 1-425-861-1197-1627
across_5128.txt, 1-519-855-1146-2201
across_5130.txt, 1-396-783-2025-2436
across_5134.txt, 1-421-781-1338-1733
across_5148.txt, 1-453-853-1297-1663
across_5161.txt, 1-1749-2093-2686-2999
across_5164.txt, 1-536-894-1338-1680
across_5165.txt, 1-583-945-1685-2224
across_5234.txt, 1-338-665-1005-1358
across_5266.txt, 1-498-3146-3597-4026
across_5268.txt, 1-355-695-1081-1374
across_5270.txt, 1-321-679-1170-1527
across_5276.txt, 1-513-1013-1372-1727
across_5292.txt, 1-382-872-1216-1644
across_5297.txt, 1-384-696-1199-1552
across_5312.txt, 1-437-849-1249-1613
across_5314.txt, 1-422-807-1114-1525
across_5315.txt, 1-371-859-1315-1670
across_5329.txt, 1-389-727-1023-1405
across_5333.txt, 1-345-699-1066-1479
across_5366.txt, 1-473-740-1100-1658
across_5372.txt, 1-516-1064-1619-2224
across_5401.txt, 1-330-744-1223-1555
across_5432.txt, 1-355-684-1133-1563
across_5441.txt, 1-338-805-1216-1555
across_5451.txt, 1-540-1079-1823-2385
across_5461.txt, 1-440-844-1278-1622
across_5468.txt, 1-685-1112-1607-2090
across_5473.txt, 1-314-665-1302-1793
across_5478.txt, 1-366-698-1225-1640
across_5483.txt, 1-422-978-1331-2073
across_5484.txt, 1-505-799-1158-1546
across_5494.txt, 1-413-1641-2097-2523
across_5496.txt, 1-532-964-1265-1574
across_5505.txt, 1-321-836-1279-1652
across_5515.txt, 1-465-892-1313-2303
across_5521.txt, 1-387-825-1190-1592
across_5530.txt, 1-463-839-1244-1716
across_5541.txt, 1-370-848-1296-1684
across_5547.txt, 1-378-741-1108-1551
across_5577.txt, 1-337-796-1246-1859
across_5579.txt, 1-454-949-1340-1668
across_5603.txt, 1-764-1161-1555-2268
across_5613.txt, 1-347-852-1299-1671
across_5655.txt, 1-344-834-1199-1555
across_5689.txt, 1-458-925-1403-1838
across_5725.txt, 1-410-802-1333-1754
across_5751.txt, 1-483-926-1288-1722
across_5778.txt, 1-498-963-1377-1754
across_5790.txt, 1-2534-2915-3237-3583
across_5798.txt, 1-369-740-1103-1460
across_5813.txt, 1-514-801-1126-1532
across_5829.txt, 1-456-895-1280-1645
across_5851.txt, 1-579-1044-1472-1823
across_5869.txt, 1-371-847-1476-2059
across_5885.txt, 1-367-691-1117-1439
across_5898.txt, 1-513-1077-1384-1780
across_5902.txt, 1-466-866-1199-1582
across_5943.txt, 1-288-635-951-1299
across_5976.txt, 1-473-892-2251-2724
across_6015.txt, 1-391-707-1124-1448
across_6024.txt, 1-776-1261-1579-2189
across_6032.txt, 1-448-978-1525-2057
across_6035.txt, 1-513-964-1525-1834
across_6039.txt, 1-326-692-1035-1395
across_6047.txt, 1-1133-1579-1918-2239
across_6077.txt, 1-404-833-1153-1541
across_6085.txt, 1-431-738-1067-1432
across_6091.txt, 1-1920-2298-2606-3052
across_6118.txt, 1-474-835-1291-1621
across_6121.txt, 1-500-867-1290-1611
across_6160.txt, 1-437-913-1292-1638
across_6196.txt, 1-418-769-1116-1550
across_6197.txt, 1-454-818-1162-1575
across_6252.txt, 1-297-732-1163-1588
across_6261.txt, 1-391-858-1272-1731
across_6310.txt, 1-347-709-1105-1538
across_6322.txt, 1-423-888-1343-1837
across_6369.txt, 1-480-853-1700-2155
across_6400.txt, 1-400-754-1090-1558
across_6404.txt, 1-355-871-1234-1687
across_6411.txt, 1-374-869-1342-1773
across_6414.txt, 1-457-893-1949-2320
across_6440.txt, 1-390-818-1169-1571
across_6446.txt, 1-558-1005-1704-2114
across_6453.txt, 1-653-1123-1448-2068
across_6472.txt, 1-419-1566-1936-2291
across_6475.txt, 1-6894-7273-7663-7985
across_6478.txt, 1-389-713-1060-1506
across_6480.txt, 1-451-795-1125-1521
across_6483.txt, 1-461-995-1320-1803
across_6491.txt, 1-511-1004-1405-1807
across_6525.txt, 1-549-1014-1465-1927
across_6527.txt, 1-352-819-1341-1719
across_6543.txt, 1-346-836-1420-1763
across_6552.txt, 1-501-909-1347-1685
across_6580.txt, 1-356-755-1136-5532
across_6596.txt, 1-1990-2410-2773-3184
across_6598.txt, 1-388-731-1108-1498
across_6614.txt, 1-411-1062-1548-2003
across_6643.txt, 1-362-721-1358-1685
across_6665.txt, 1-346-824-1190-1482
across_6683.txt, 1-424-1202-1550-1974
across_6688.txt, 1-402-847-1258-1738
across_6707.txt, 1-584-1088-1490-2015
across_6739.txt, 1-350-650-1060-1454
across_6742.txt, 1-463-966-1353-1749
across_6749.txt, 1-475-921-1467-1929
across_6834.txt, 1-330-926-1296-1738
across_6882.txt, 1-484-879-1246-1597
across_6884.txt, 1-472-873-1246-1623
across_6886.txt, 1-520-883-1322-1714
across_6888.txt, 1-344-822-1348-1800
across_6939.txt, 1-347-1032-1377-2359
across_6976.txt, 1-379-940-1359-1673
across_6987.txt, 1-443-964-1314-1667
across_7001.txt, 1-511-849-1177-1613
across_7028.txt, 1-497-848-1429-1922
across_7061.txt, 1-380-748-1102-1450
across_7062.txt, 1-369-797-1133-1565
across_7073.txt, 1-1034-1450-1896-2312
across_7086.txt, 1-320-761-1229-1591
across_7089.txt, 1-325-2159-2490-2984
across_7140.txt, 1-475-990-1385-2058
across_7152.txt, 1-630-1153-1606-1938
across_7154.txt, 1-344-811-1226-1631
across_7159.txt, 1-463-821-1210-1625
across_7163.txt, 1-481-1004-1392-1848
across_7166.txt, 1-1720-2201-2569-2905
across_7189.txt, 1-1481-1996-2329-2683
across_7212.txt, 1-346-866-1336-1787
across_7215.txt, 1-397-923-1262-1594
across_7269.txt, 1-311-648-1090-1470
across_7271.txt, 1-353-753-1187-1510
across_7292.txt, 1-444-773-1118-1435
across_7310.txt, 1-412-735-1121-1562
across_7320.txt, 1-311-778-1318-1762
across_7324.txt, 1-316-775-1128-1556
across_7337.txt, 1-508-816-1203-2419
across_7347.txt, 1-396-720-1051-1405
across_7361.txt, 1-349-1357-1741-2279
across_7365.txt, 1-350-675-1108-1432
across_7375.txt, 1-385-831-2231-2676
across_7388.txt, 1-371-746-1170-1582
across_7429.txt, 1-404-751-1257-1732
across_7455.txt, 1-385-730-1112-1544
across_7471.txt, 1-357-725-1063-1493
across_7490.txt, 1-382-821-1191-1642
across_7512.txt, 1-584-1104-1554-1917
across_7531.txt, 1-402-813-1389-1832
across_7554.txt, 1-297-732-1170-1491
across_7555.txt, 1-350-766-1088-1647
across_7576.txt, 1-465-802-1195-1722
across_7584.txt, 1-314-629-1004-1342
across_7586.txt, 1-422-891-1371-1730
across_7607.txt, 1-382-800-1195-1620
across_7615.txt, 1-337-842-1223-1563
across_7634.txt, 1-335-780-1067-1415
across_7636.txt, 1-419-867-1366-1772
across_7639.txt, 1-396-988-1321-1665
across_7671.txt, 1-305-659-1089-1490
across_7691.txt, 1-402-734-1056-1561
across_7698.txt, 1-304-794-1171-1523
across_7718.txt, 1-394-715-1044-1406
across_7739.txt, 1-423-1268-1750-2231
across_7788.txt, 1-527-1003-1362-1749
across_7791.txt, 1-302-671-1051-1436
across_7795.txt, 1-502-927-1336-1640
across_7797.txt, 1-450-771-1256-1755
across_7802.txt, 1-481-999-1364-1723
across_7832.txt, 1-347-766-1160-1550
across_7856.txt, 1-410-1106-1860-2249
across_7860.txt, 1-374-788-1187-1581
across_7867.txt, 1-405-834-1320-1653
across_7869.txt, 1-473-786-1134-1510
across_7884.txt, 1-478-781-1436-1837
across_7911.txt, 1-344-854-1241-1607
across_7916.txt, 1-400-741-1099-1497
across_7928.txt, 1-456-853-1180-1540
across_7930.txt, 1-325-750-1165-1503
across_7945.txt, 1-441-747-1168-2718
across_7959.txt, 1-343-706-1199-1604
across_7963.txt, 1-402-845-1176-1690
across_7975.txt, 1-352-694-1012-1403
across_7977.txt, 1-674-1172-1646-1956
across_7990.txt, 1-353-779-1208-1674
across_7994.txt, 1-494-930-1420-1901
across_8003.txt, 1-428-752-1191-1518
across_8026.txt, 1-327-723-1048-1621
across_8027.txt, 1-358-780-1197-1605
across_8047.txt, 1-472-908-1308-2578
across_8053.txt, 1-496-856-1211-1507
across_8097.txt, 1-732-1126-1566-2035
across_8104.txt, 1-405-828-1188-1619
across_8115.txt, 1-314-927-1387-1781
across_8129.txt, 1-372-787-3941-4286
across_8144.txt, 1-489-991-1369-1690
across_8171.txt, 1-705-1213-1796-2292
across_8220.txt, 1-352-730-1173-1537
across_8227.txt, 1-360-714-1046-1396
across_8243.txt, 1-503-904-1244-1699
across_8251.txt, 1-366-677-1956-2436
across_8264.txt, 1-324-669-963-1391
across_8277.txt, 1-313-799-1109-1555
across_8322.txt, 1-330-815-1263-1752
across_8363.txt, 1-1040-1497-1875-3615
across_8370.txt, 1-446-845-1459-1931
across_8386.txt, 1-407-779-1065-1414
across_8394.txt, 1-420-728-1092-1403
across_8438.txt, 1-466-779-1124-1492
across_8461.txt, 1-816-1339-1779-2119
across_8489.txt, 1-486-891-1227-1760
across_8493.txt, 1-361-685-1022-1397
across_8541.txt, 1-359-703-1147-1656
across_8567.txt, 1-492-829-1162-1515
across_8574.txt, 1-1670-2039-2392-2791
across_8583.txt, 1-425-928-1312-1746
across_8592.txt, 1-315-736-1143-1665
across_8594.txt, 1-312-725-1184-1603
across_8634.txt, 1-393-834-1199-1585
across_8654.txt, 1-484-836-1215-1522
across_8668.txt, 1-392-888-1343-1729
across_8703.txt, 1-347-730-1091-1474
across_8717.txt, 1-336-820-1112-1502
across_8744.txt, 1-446-981-1344-1798
across_8750.txt, 1-429-816-1191-1572
across_8755.txt, 1-432-1282-1738-2206
across_8756.txt, 1-354-708-1203-1621
across_8758.txt, 1-408-937-1325-1765
across_8760.txt, 1-314-669-1069-1378
across_8787.txt, 1-565-1151-1673-2225
across_8791.txt, 1-376-781-1091-1427
across_8799.txt, 1-366-750-1107-1502
across_8801.txt, 1-383-822-1286-2399
across_8805.txt, 1-474-816-1188-2090
across_8829.txt, 1-328-775-1080-1478
across_8836.txt, 1-412-973-1448-1841
across_8867.txt, 1-425-830-1172-1585
across_8868.txt, 1-542-1696-2181-2558
across_8882.txt, 1-841-1290-1913-2308
across_8883.txt, 1-368-727-1073-1421
across_8885.txt, 1-396-955-1341-1699
across_8913.txt, 1-339-653-1036-1479
across_8928.txt, 1-402-833-1363-1839
across_8950.txt, 1-374-798-1216-1625
across_9009.txt, 1-415-808-1179-1663
across_9012.txt, 1-1218-1592-2065-2457
across_9026.txt, 1-394-729-1084-1524
across_9029.txt, 1-423-778-1153-1529
across_9080.txt, 1-518-1124-1619-2174
across_9084.txt, 1-324-710-1122-1511
across_9115.txt, 1-524-948-1441-1775
across_9122.txt, 1-388-726-1140-1575
across_9130.txt, 1-418-826-1257-1768
across_9138.txt, 1-415-1065-1431-1831
across_9165.txt, 1-452-947-1492-1841
across_9169.txt, 1-389-957-1311-1652
across_9177.txt, 1-1233-1708-2120-2447
across_9208.txt, 1-518-936-1276-1721
across_9236.txt, 1-339-765-1118-1513
across_9237.txt, 1-390-783-1121-1493
across_9241.txt, 1-402-1840-2183-2665
across_9270.txt, 1-557-919-1357-1673
across_9272.txt, 1-369-846-1389-1828
across_9276.txt, 1-386-2038-2434-3620
across_9277.txt, 1-406-924-1330-1724
across_9322.txt, 1-338-2012-2371-3101
across_9360.txt, 1-375-1215-1552-2025
across_9366.txt, 1-581-870-1262-1552
across_9430.txt, 1-462-829-2092-2535
across_9443.txt, 1-311-1003-1489-1998
across_9451.txt, 1-309-684-994-1469
across_9469.txt, 1-434-916-1495-1892
across_9476.txt, 1-409-808-1201-1547
across_9478.txt, 1-448-791-1271-1620
across_9499.txt, 1-425-779-1260-1624
across_9501.txt, 1-485-816-1142-1465
across_9524.txt, 1-561-915-1367-1772
across_9532.txt, 1-1439-1889-2283-2599
across_9546.txt, 1-374-710-1448-1804
across_9557.txt, 1-422-876-1275-1740
across_9564.txt, 1-569-977-1433-1818
across_9567.txt, 1-328-661-1028-1330
across_9584.txt, 1-425-768-1067-1538
across_9586.txt, 1-459-905-1642-1993
across_9614.txt, 1-352-683-1153-1749
across_9625.txt, 1-472-828-1174-1645
across_9693.txt, 1-450-1503-1946-2433
across_9711.txt, 1-363-795-1180-1540
across_9752.txt, 1-524-1059-1505-1954
across_9793.txt, 1-381-794-1286-1704
across_9818.txt, 1-398-4885-5376-5836
across_9826.txt, 1-517-1936-2388-2807
across_9830.txt, 1-1548-1903-2331-2742
across_9842.txt, 1-1002-1528-1862-2256
across_9856.txt, 1-538-1004-1543-1915
across_9858.txt, 1-684-1132-1465-1848
across_9886.txt, 1-383-785-1131-1443
across_9901.txt, 1-429-862-1274-1670
across_9907.txt, 1-785-1161-1873-2346
across_9910.txt, 1-359-784-1084-1587
across_9931.txt, 1-420-898-1322-1734
within_10072.txt, 1-351-727-1267-1644
within_1020.txt, 1-528-880-1334-1746
within_10224.txt, 1-485-845-1129-1559
within_10282.txt, 1-317-697-1044-1457
within_10445.txt, 1-460-921-1331-1788
within_10554.txt, 1-660-1346-1868-2459
within_10619.txt, 1-458-856-1194-1593
within_10656.txt, 1-377-802-1154-1674
within_1067.txt, 1-323-642-1072-1494
within_10810.txt, 1-412-823-1098
within_10980.txt, 1-548-1076-1484-2024
within_1100.txt, 1-468-827-1271-1639
within_11020.txt, 1-548-1088-1563-2273
within_11059.txt, 1-360-724-1064-1400
within_11061.txt, 1-502-1021-1433-2222
within_1108.txt, 1-405-952-1453-1864
within_1109.txt, 1-362-785-1226-1668
within_11094.txt, 1-404-738-1070-1534
within_11103.txt, 1-520-1021-1810-2238
within_11417.txt, 1-503-838-1212-1518
within_11463.txt, 1-423-831-1623-2059
within_11602.txt, 1-380-774-1394
within_11612.txt, 1-458-1221-1833-2276
within_11623.txt, 1-316-699-1089-1485
within_11680.txt, 1-481-811-1167-1520
within_11787.txt, 1-362-2028-2334-3977
within_11789.txt, 1-328-861-1176-1559
within_1182.txt, 1-467-971-1769-2203
within_11961.txt, 1-377-786-1405-1931
within_12025.txt, 1-503-896-1246-1791
within_12036.txt, 1-321-706-1093
within_12069.txt, 1-661-1177-1615-2091
within_12120.txt, 1-330-785-1180-1586
within_1215.txt, 1-465-824-1205-1637
within_12245.txt, 1-468-801-1124-1473
within_12279.txt, 1-667-985-1391-1781
within_12283.txt, 1-372-718-1044-1634
within_12288.txt, 1-1153-1476-1787-3704
within_12338.txt, 1-516-835-1626-2410
within_12387.txt, 1-366-995-1422-2930
within_12413.txt, 1-465-895-1919-2326
within_1257.txt, 1-459-804-1212
within_12732.txt, 1-292-732-1115-1526
within_12828.txt, 1-327-805-1338-1709
within_12901.txt, 1-425-831-1217-1551
within_12936.txt, 1-385-930-1406-1764
within_12938.txt, 1-363-762-1152
within_12974.txt, 1-439-824-1706-2159
within_13016.txt, 1-400-828-1359-1700
within_1317.txt, 1-367-664-1128-1512
within_13208.txt, 1-301-777-1056-2274
within_13455.txt, 1-347-825-1301-1711
within_13491.txt, 1-405-783-1136-1457
within_13499.txt, 1-422-833-1278-1610
within_13512.txt, 1-372-740-1220-1688
within_13541.txt, 1-326-765-1131-1467
within_13591.txt, 1-301-699-1009-1369
within_13735.txt, 1-340-755-1217-1567
within_13742.txt, 1-723-1117-1496-1789
within_13788.txt, 1-343-689-1128-1514
within_13794.txt, 1-370-719-1218-1648
within_13838.txt, 1-464-953-1275-1633
within_13927.txt, 1-387-890-1314
within_13959.txt, 1-545-914-1237-1687
within_14001.txt, 1-654-1076-1448
within_14005.txt, 1-412-885-1230
within_1422.txt, 1-603-910-1290
within_14354.txt, 1-453-948-1663-2078
within_14401.txt, 1-452-842-1267
within_14572.txt, 1-418-888-1257-1582
within_14573.txt, 1-395-797-1100-1502
within_14692.txt, 1-418-939-1496-2249
within_14706.txt, 1-370-735-1316-1687
within_14726.txt, 1-324-691-1013-1435
within_14765.txt, 1-456-892-1703-2274
within_14773.txt, 1-542-1377-1887-2291
within_14816.txt, 1-348-687-1041-1453
within_14856.txt, 1-729-1289-1863-2464
within_14857.txt, 1-474-990-1374-1760
within_14912.txt, 1-472-795-1217-1554
within_14960.txt, 1-389-748-1073-1379
within_1498.txt, 1-411-960-1280-1692
within_14990.txt, 1-434-783-1162-1533
within_15046.txt, 1-510-965-1306-1626
within_15188.txt, 1-736-1495-1889-2639
within_15224.txt, 1-708-1141-1586-2157
within_15256.txt, 1-332-885-1199-2566
within_15294.txt, 1-311-770-1091-1374
within_153.txt, 1-336-805-1103-1485
within_15497.txt, 1-380-855-1220-1727
within_15513.txt, 1-452-821-1178-1671
within_1557.txt, 1-370-806-1313-1682
within_15596.txt, 1-275-1244-1683-1877
within_15666.txt, 1-845-1329-1620
within_15698.txt, 1-282-549-857-1130
within_1582.txt, 1-460-780-1252
within_15834.txt, 1-464-862-1266-1657
within_16160.txt, 1-3278-3761-4273-4615
within_16170.txt, 1-364-770-1130-1631
within_16212.txt, 1-361-870-1390-1914
within_1624.txt, 1-525-1007-1479-1899
within_16248.txt, 1-360-663-950-1306
within_16435.txt, 1-391-715-3531
within_165.txt, 1-386-761-1110-1588
within_16662.txt, 1-449-777-1214-1564
within_16763.txt, 1-476-1201-1871-2257
within_16870.txt, 1-416-1042-1531-1896
within_17048.txt, 1-345-812-1177-1518
within_17088.txt, 1-456-934-1433-1889
within_17253.txt, 1-383-772-1188-1627
within_17324.txt, 1-354-1511-1975-2323
within_17499.txt, 1-300-703-1130
within_17588.txt, 1-469-832-1284-1697
within_17702.txt, 1-418-857-1431-1983
within_17704.txt, 1-757-1525-2097-2705
within_17742.txt, 1-867-1326-1789-2235
within_17832.txt, 1-380-793-1672-2059
within_18011.txt, 1-403-739-1186-1520
within_18081.txt, 1-473-863-1219-1535
within_18133.txt, 1-488-781-1181-1563
within_18162.txt, 1-454-842-1186-1483
within_18236.txt, 1-390-813-1160-1577
within_18259.txt, 1-457-997-1311-1715
within_18380.txt, 1-450-764-1187
within_18422.txt, 1-428-786-1365
within_18468.txt, 1-523-874-1178-2010
within_1856.txt, 1-304-705-1054-1405
within_18664.txt, 1-313-738-1114-1572
within_18772.txt, 1-614-1141-1531-2051
within_18782.txt, 1-387-738-1080-1596
within_18800.txt, 1-368-815-1221-1656
within_18857.txt, 1-607-1032-1416-1997
within_18889.txt, 1-376-810-1196-1693
within_19011.txt, 1-586-1240-1638-2144
within_19027.txt, 1-692-1906-2236-2803
within_1941.txt, 1-889-1349-1864-2254
within_19431.txt, 1-544-1274-1673-1989
within_19660.txt, 1-516-974-1417-2200
within_19679.txt, 1-342-1314-1684-2179
within_19698.txt, 1-504-997-1586-2391
within_19810.txt, 1-388-743-1208-2192
within_19923.txt, 1-324-820-1171-1516
within_19948.txt, 1-329-741-1097-1409
within_19952.txt, 1-404-844-1233-1682
within_20030.txt, 1-508-895-1218-1646
within_20078.txt, 1-502-1296-2028-2807
within_20114.txt, 1-447-957-1361
within_20121.txt, 1-453-876-1207-1766
within_20134.txt, 1-333-770-1205-1663
within_20154.txt, 1-476-875-1232
within_20162.txt, 1-532-919-1423-2307
within_20279.txt, 1-582-1100-1624-1955
within_20323.txt, 1-477-1117-1451-2254
within_20416.txt, 1-505-925-1257-1603
within_20463.txt, 1-261-716-1229-1935
within_20465.txt, 1-418-797-1261-1753
within_20511.txt, 1-368-779-1089-1465
within_20599.txt, 1-327-685-1023-1429
within_20617.txt, 1-651-1155-1540-1980
within_20707.txt, 1-425-752-1223-1636
within_20719.txt, 1-683-1253-1722-2244
within_2074.txt, 1-336-701-987-1388
within_20778.txt, 1-463-879-1365-2078
within_21000.txt, 1-372-777-1081-1521
within_21024.txt, 1-321-731-1927-2529
within_21031.txt, 1-351-858-1712-2114
within_21062.txt, 1-838-1653-2060-2368
within_21064.txt, 1-313-1139-1493-1850
within_21161.txt, 1-454-882-1271-2187
within_21172.txt, 1-358-666-1156-1457
within_21212.txt, 1-348-779-1212
within_21238.txt, 1-409-785-1205-1581
within_21244.txt, 1-305-822-1300-1729
within_21269.txt, 1-633-1042-1586-2585
within_21337.txt, 1-350-682-1119-1441
within_21398.txt, 1-355-734-1098-1497
within_21462.txt, 1-628-938-1605-1945
within_21683.txt, 1-386-822-1390-1865
within_21713.txt, 1-356-966-1496-1930
within_21751.txt, 1-1668-2034-2549-2981
within_21752.txt, 1-553-1030-1864-2200
within_21823.txt, 1-307-716-1081-1475
within_21830.txt, 1-547-1054-1716-2153
within_21908.txt, 1-445-909-1325-1650
within_21934.txt, 1-698-1295-1593-2473
within_21950.txt, 1-483-868-1424-1856
within_21973.txt, 1-458-873-1437
within_21995.txt, 1-686-1035-1506-2473
within_22016.txt, 1-430-878-1268
within_22039.txt, 1-464-832-1232-1506
within_22055.txt, 1-968-1439-2124-2588
within_22079.txt, 1-486-798-1176
within_22139.txt, 1-412-905-1488-2226
within_22185.txt, 1-718-1363-2096-2550
within_22410.txt, 1-403-871-1240-1665
within_22440.txt, 1-517-1309-1642-2019
within_22558.txt, 1-428-776-1284-1706
within_22569.txt, 1-747-1470-1794-2364
within_22607.txt, 1-417-1219-1675-2050
within_22657.txt, 1-343-810-1278-1767
within_22713.txt, 1-488-845-1174-1553
within_22756.txt, 1-899-1427-1941-2576
within_22762.txt, 1-379-780-1278-2181
within_22763.txt, 1-422-752-1065-1597
within_22884.txt, 1-419-777-1291-1620
within_22920.txt, 1-653-1062-2016-2683
within_22923.txt, 1-417-767-1460-1743
within_23002.txt, 1-400-734-1192-1618
within_23011.txt, 1-424-805-1382-1782
within_23032.txt, 1-452-791-1295-2039
within_23061.txt, 1-358-859-1256-1656
within_23106.txt, 1-542-1054-1748-2156
within_23139.txt, 1-353-690-971-1305
within_2316.txt, 1-386-864-1323-1634
within_23168.txt, 1-335-708-1133-1507
within_23361.txt, 1-387-809-1140-1486
within_23375.txt, 1-438-851-1357-1741
within_23398.txt, 1-340-701-1304-1690
within_23409.txt, 1-414-932-1341-1794
within_2356.txt, 1-525-964-1374-1872
within_23591.txt, 1-311-673-1169-1548
within_23635.txt, 1-386-838-1291
within_23707.txt, 1-510-985-1529-2046
within_23819.txt, 1-376-744-1108-1519
within_23827.txt, 1-409-809-1222-1623
within_23874.txt, 1-586-1518-1924-2414
within_23914.txt, 1-444-960-1417-1711
within_23994.txt, 1-682-1571-1951-2446
within_24155.txt, 1-475-852-1255-1631
within_24168.txt, 1-367-695-1033-1444
within_2418.txt, 1-448-902-1359-1642
within_24273.txt, 1-323-683-1256-1549
within_24303.txt, 1-316-706-1044-1460
within_24305.txt, 1-281-758-1463-2068
within_24397.txt, 1-556-1200-1645-2200
within_24634.txt, 1-361-766-1174-1517
within_24639.txt, 1-306-622-1045-1422
within_2472.txt, 1-444-1316-1682-2087
within_24732.txt, 1-481-967-1351-2043
within_24775.txt, 1-714-1553-3159-3961
within_24922.txt, 1-487-1057-1421-1798
within_24923.txt, 1-502-909-1367-1790
within_24932.txt, 1-454-1223-2096-2503
within_24972.txt, 1-354-730-1216-1758
within_24991.txt, 1-790-1295-1882-2280
within_25008.txt, 1-717-1239-2147
within_25009.txt, 1-925-1661-3262
within_25044.txt, 1-399-1188-1651-2156
within_2527.txt, 1-527-1173-1637-2093
within_25281.txt, 1-1031-2843-4051
within_25284.txt, 1-513-837-1149
within_25337.txt, 1-478-943-1266-1583
within_25370.txt, 1-487-810-1313-1798
within_25382.txt, 1-808-1330-2054-2433
within_25426.txt, 1-411-865-1177-1508
within_25449.txt, 1-1091-1717-2062-2489
within_25522.txt, 1-376-1215-1737-2262
within_25525.txt, 1-328-754-2047-2568
within_25624.txt, 1-456-833-1317-1861
within_25698.txt, 1-468-997-1362-1754
within_25790.txt, 1-506-810-1188-1593
within_25917.txt, 1-347-684-1279-1686
within_25956.txt, 1-428-1038-1390-1758
within_25969.txt, 1-333-650-1018-1406
within_25989.txt, 1-519-882-1276-1686
within_26044.txt, 1-347-657-1035-1380
within_26077.txt, 1-419-734-1179-1536
within_26173.txt, 1-504-945-1373-1823
within_2630.txt, 1-339-969-1748-2102
within_26327.txt, 1-520-871-1265-1746
within_26339.txt, 1-409-861-1264-1822
within_26364.txt, 1-382-835-1246-1548
within_26437.txt, 1-450-770-1170-1512
within_26474.txt, 1-327-782-1715-2195
within_26494.txt, 1-317-678-1029-1356
within_26597.txt, 1-358-674-1065-1508
within_26615.txt, 1-415-786-1191-1606
within_26727.txt, 1-878-1324-1654-2215
within_26779.txt, 1-372-761-1122-1652
within_26784.txt, 1-576-1186-1583-2363
within_26788.txt, 1-358-759-1217-1595
within_26936.txt, 1-379-685-1127-1732
within_26951.txt, 1-460-755-1300-1758
within_26986.txt, 1-404-938-1371-1780
within_27014.txt, 1-491-973-1366-1847
within_2704.txt, 1-393-830-1178-1523
within_27042.txt, 1-503-957-1545-2105
within_27046.txt, 1-397-777-1192-2189
within_27134.txt, 1-373-890-1196-1670
within_27157.txt, 1-497-999-1367-1756
within_27227.txt, 1-407-687-1132-1551
within_2725.txt, 1-360-730-1086-1475
within_27263.txt, 1-439-921-1391-2464
within_27289.txt, 1-335-811-1359-1796
within_27352.txt, 1-487-894-1419-1884
within_27507.txt, 1-356-695-1010-1308
within_27513.txt, 1-415-978-1315-1750
within_27634.txt, 1-420-857-1322-1708
within_2777.txt, 1-545-879-1263-1580
within_27870.txt, 1-529-946-1542-1971
within_27890.txt, 1-868-1172-1569
within_27966.txt, 1-356-804-1179-1716
within_28049.txt, 1-366-1111-1606-2285
within_28156.txt, 1-1048-1425-1866-2293
within_28173.txt, 1-557-1187-1677-2047
within_28297.txt, 1-679-1023-1483-2238
within_28300.txt, 1-1048-1605-2046-2527
within_28412.txt, 1-447-737-1237-1749
within_28428.txt, 1-434-821-1279
within_28470.txt, 1-423-991-1606-1929
within_28525.txt, 1-404-848-1281-1624
within_28598.txt, 1-436-879-1918-2363
within_28615.txt, 1-420-959-1624-2117
within_28685.txt, 1-444-1483-1918-2300
within_28847.txt, 1-379-788-1282-2489
within_28888.txt, 1-387-774-1142-1562
within_28922.txt, 1-328-804-1254-1701
within_28966.txt, 1-402-854-1364-1668
within_28967.txt, 1-332-693-1083-1501
within_29130.txt, 1-588-1096-1582-2057
within_29131.txt, 1-489-802-1593-2037
within_29176.txt, 1-457-1074-1557
within_29188.txt, 1-507-1437-2508-2915
within_29189.txt, 1-445-1010-1409-2200
within_29299.txt, 1-350-698-1093-1421
within_29617.txt, 1-371-735-1131-1432
within_29623.txt, 1-698-1002-1400-1960
within_29750.txt, 1-348-747-1098-1471
within_29770.txt, 1-499-1419-1834-2214
within_29789.txt, 1-364-662-1172-1571
within_29898.txt, 1-375-738-1179-1601
within_29985.txt, 1-290-771-1240-1593
within_30083.txt, 1-412-806-1152-1588
within_30131.txt, 1-339-846-1252-1642
within_3017.txt, 1-312-626-1111-1532
within_30305.txt, 1-508-967-1294-1647
within_30437.txt, 1-400-815-1444
within_30456.txt, 1-356-675-993-1391
within_30489.txt, 1-630-1045-2544
within_30591.txt, 1-305-749-1057-1414
within_30653.txt, 1-449-901-1313-2606
within_30686.txt, 1-404-763-1084-1390
within_30709.txt, 1-381-717-2047-2501
within_30823.txt, 1-673-977-2311-2772
within_30831.txt, 1-782-1158-1926-2331
within_30843.txt, 1-805-1125-1563-1991
within_30851.txt, 1-378-786-1270-1676
within_30859.txt, 1-423-771-1106-1597
within_30939.txt, 1-397-836-1181-1569
within_31080.txt, 1-456-878-1396-1932
within_31094.txt, 1-382-769-1895-2294
within_31143.txt, 1-380-719-1169
within_31147.txt, 1-315-813-1170-1468
within_31180.txt, 1-379-713-1198-1651
within_31288.txt, 1-812-1270-1643-2128
within_31432.txt, 1-338-730-1146-1526
within_31447.txt, 1-437-822-1168-1892
within_31533.txt, 1-649-1085-1557-2147
within_31569.txt, 1-292-694-1000
within_31838.txt, 1-414-1020-1506-1936
within_31847.txt, 1-480-953-1329-1656
within_31852.txt, 1-467-893-1252-1621
within_31885.txt, 1-326-685-991-1399
within_31920.txt, 1-828-1446-2009-2396
within_32008.txt, 1-388-951-1569-2396
within_32033.txt, 1-1009-1503-1820-2235
within_32037.txt, 1-325-934-1278-1784
within_32132.txt, 1-388-830-1171-1627
within_3214.txt, 1-406-931-1282-1705
within_32259.txt, 1-700-1460-2051-2463
within_32552.txt, 1-559-940-1428-2128
within_32557.txt, 1-820-1832-2137-2427
within_32570.txt, 1-603-1022-1539-1899
within_3277.txt, 1-326-704-1134-1632
within_32846.txt, 1-480-919-1298-2005
within_32977.txt, 1-334-632-986-1288
within_32978.txt, 1-788-1349-1723-2119
within_32980.txt, 1-302-634-1071-1352
within_33016.txt, 1-298-691-1088-1571
within_33134.txt, 1-664-1209-1573-2532
within_33172.txt, 1-363-829-1176-1580
within_33411.txt, 1-379-843-1290-1758
within_33437.txt, 1-763-1427-1833-2281
within_33464.txt, 1-297-640-1013-1403
within_33477.txt, 1-373-787-1241
within_33497.txt, 1-846-1399-1857-2195
within_33595.txt, 1-474-866-1457-2031
within_33596.txt, 1-492-907-1352
within_33627.txt, 1-318-788-1283-1647
within_33697.txt, 1-395-990-1512-1950
within_33735.txt, 1-343-706-1083
within_33768.txt, 1-344-859-1254-2152
within_33855.txt, 1-363-877-1233-1590
within_33905.txt, 1-457-854-1191-1571
within_33938.txt, 1-376-797-1216
within_33994.txt, 1-567-1061-1402-1831
within_34069.txt, 1-338-773-1261-1720
within_34104.txt, 1-549-1003-1429-1737
within_34252.txt, 1-472-865-1303-1809
within_34392.txt, 1-487-854-1194-1574
within_34445.txt, 1-612-1086-1580-2318
within_34539.txt, 1-380-772-1135
within_34559.txt, 1-1433-1875-2236
within_34622.txt, 1-387-820-1132-1526
within_34627.txt, 1-362-720-2152
within_34756.txt, 1-354-742-1204-2251
within_34793.txt, 1-636-1158-1549-2535
within_34880.txt, 1-328-617-1007-2130
within_34900.txt, 1-439-754-1058-1545
within_34974.txt, 1-470-1042-1440-1982
within_35151.txt, 1-1141-1482-1907-2213
within_35216.txt, 1-425-1006-1638-2280
within_35467.txt, 1-573-1508-1868-2398
within_35509.txt, 1-763-1098-1577-1920
within_35529.txt, 1-1454-2052-2614
within_35601.txt, 1-365-691-1115-1941
within_3561.txt, 1-391-722-1185-2235
within_35660.txt, 1-502-918-1270-1963
within_35693.txt, 1-344-744-1037-1544
within_35724.txt, 1-340-654-1037-1452
within_35815.txt, 1-359-762-1124-1578
within_35863.txt, 1-510-1005-1672-2129
within_35914.txt, 1-466-784-1975-2313
within_35987.txt, 1-324-650-1057-1490
within_36114.txt, 1-391-1576-1900-2343
within_36183.txt, 1-988-1303-1641-2299
within_36192.txt, 1-363-1254-1660
within_36266.txt, 1-599-1119-1748-2140
within_36321.txt, 1-405-833-1258
within_36376.txt, 1-430-890-1526-2157
within_36481.txt, 1-505-917-1239-1898
within_36609.txt, 1-393-947-1389-1900
within_36718.txt, 1-327-681-1072
within_36785.txt, 1-537-897-1250-1601
within_36796.txt, 1-439-1187-1781-2441
within_36847.txt, 1-316-4470-4881
within_36875.txt, 1-566-1087-1383-1657
within_36886.txt, 1-478-1028-1592-2255
within_36888.txt, 1-351-697-1698-2168
within_36901.txt, 1-385-758-1306
within_36906.txt, 1-397-726-1389-1877
within_36957.txt, 1-367-708-1089-1465
within_37062.txt, 1-610-1257-1729-2244
within_371.txt, 1-388-677-969-1326
within_37204.txt, 1-307-817-1178-1510
within_37243.txt, 1-508-991-1496-1830
within_37281.txt, 1-434-875-1427-1813
within_37336.txt, 1-424-1102-1510-2068
within_37341.txt, 1-988-1363-1746-2329
within_37488.txt, 1-626-936-1342-2003
within_37490.txt, 1-448-782-1313-1604
within_37575.txt, 1-482-951-1367-1848
within_37591.txt, 1-308-1183-1696-2431
within_37680.txt, 1-325-874-1185-1575
within_3772.txt, 1-499-864-1158-1505
within_37754.txt, 1-330-702-1082-1785
within_37826.txt, 1-1009-1707-2235
within_37844.txt, 1-368-671-1207-1528
within_37856.txt, 1-476-811-1124-1461
within_37960.txt, 1-424-848-1200-1549
within_38115.txt, 1-563-958-1418-1778
within_38190.txt, 1-291-866-1266-2121
within_38212.txt, 1-495-2019-2439-2810
within_38233.txt, 1-357-787-1119-1414
within_38254.txt, 1-491-845-1256-2287
within_38286.txt, 1-640-1135-1651-2611
within_383.txt, 1-424-772-1121-1734
within_38346.txt, 1-464-988-2242-2693
within_38356.txt, 1-319-688-1092-1399
within_38421.txt, 1-315-614-1026-1618
within_38530.txt, 1-440-782-1200-1610
within_38662.txt, 1-833-1349-1731-2095
within_38665.txt, 1-954-1310-1871-2235
within_38713.txt, 1-481-865-1543-2143
within_38718.txt, 1-567-847-1233-2039
within_38722.txt, 1-367-772-1994-2422
within_38801.txt, 1-471-1000-1365-1704
within_38821.txt, 1-466-1076-1464-1794
within_38860.txt, 1-486-1019-1609-2216
within_38884.txt, 1-549-931-1865-2309
within_38923.txt, 1-271-650-1056-1404
within_38924.txt, 1-381-693-1009-1385
within_38993.txt, 1-435-863-1257-1813
within_390.txt, 1-445-843-1238
within_39007.txt, 1-356-746-1110-1585
within_39090.txt, 1-357-704-1123
within_39109.txt, 1-283-694-991-1267
within_39267.txt, 1-378-809-1160-1527
within_39274.txt, 1-414-1124-1557-2158
within_39368.txt, 1-1118-1533-2188-2744
within_39382.txt, 1-693-1239-1640-2016
within_39392.txt, 1-415-1261-1767-2246
within_3944.txt, 1-337-1076-1517-1868
within_3945.txt, 1-377-706-1064-1467
within_39454.txt, 1-345-772-1518-1995
within_39475.txt, 1-376-1157-1561-2438
within_39655.txt, 1-342-834-1312-1832
within_39681.txt, 1-462-1527-1970-2390
within_39715.txt, 1-364-725-1130-1553
within_39744.txt, 1-776-1152-1525-1844
within_39798.txt, 1-349-744-1054-1454
within_39818.txt, 1-809-1210-1735-2197
within_39868.txt, 1-367-713-1097
within_3987.txt, 1-392-911-1990-2462
within_39889.txt, 1-506-1084-1361-1726
within_39934.txt, 1-469-860-1183-1477
within_40036.txt, 1-968-1643-2143-2658
within_4007.txt, 1-430-802-1131-1651
within_40073.txt, 1-454-779-1152-1468
within_40076.txt, 1-362-742-1113-1485
within_40103.txt, 1-344-677-1100-1435
within_40128.txt, 1-485-1173-2760-3204
within_40226.txt, 1-982-1382-1728-2342
within_40277.txt, 1-389-805-1131-1671
within_40303.txt, 1-512-924-1312-1675
within_40308.txt, 1-624-1442-1893-2246
within_40425.txt, 1-465-902-1398-1796
within_40470.txt, 1-329-730-1112-1444
within_40509.txt, 1-303-690-1031-1379
within_40531.txt, 1-315-903-1260-1807
within_406.txt, 1-565-995-1446-1869
within_40636.txt, 1-355-760-1146-1479
within_40690.txt, 1-675-1281-1861-2279
within_40852.txt, 1-308-687-1103-1507
within_40908.txt, 1-343-844-1599-2013
within_40930.txt, 1-294-666-1011-1401
within_41026.txt, 1-578-851-1266-1646
within_41059.txt, 1-448-923-1574-2054
within_41107.txt, 1-489-952-1453-1911
within_41110.txt, 1-345-867-2132-2625
within_41121.txt, 1-331-714-1046-1397
within_4115.txt, 1-500-1168-1535-2031
within_41216.txt, 1-453-915-1254-1597
within_41225.txt, 1-389-724-1075-1413
within_41242.txt, 1-403-842-1198
within_41283.txt, 1-334-804-1187-1543
within_41300.txt, 1-495-978-1529-1889
within_41324.txt, 1-395-902-1464-1796
within_41336.txt, 1-431-1253-1808-2173
within_41337.txt, 1-448-771-1140-1650
within_41376.txt, 1-446-875-1310-1780
within_41399.txt, 1-309-665-1031-1363
within_41477.txt, 1-432-790-1262-1612
within_4150.txt, 1-390-684-1127-1577
within_41603.txt, 1-421-709-1187-1533
within_41628.txt, 1-438-800-1123-1492
within_41671.txt, 1-354-656-938-1280
within_41677.txt, 1-425-889-1272-1752
within_41699.txt, 1-516-916-1217-1589
within_41904.txt, 1-477-924-1396-1726
within_41980.txt, 1-473-826-1294-1589
within_42294.txt, 1-1357-1776-2159
within_4231.txt, 1-298-649-1178-1599
within_42312.txt, 1-641-1154-1681-2187
within_42335.txt, 1-369-734-1139-1484
within_4237.txt, 1-401-695-1021-1428
within_42416.txt, 1-515-902-1558-1949
within_42510.txt, 1-745-1270-1659-2034
within_42540.txt, 1-409-804-1408-2079
within_4257.txt, 1-433-847-1199
within_42659.txt, 1-322-636-1800-2226
within_42679.txt, 1-461-815-1469-2189
within_42680.txt, 1-806-1386-1972-2314
within_42701.txt, 1-300-672-1082-1430
within_42787.txt, 1-331-714-1094
within_42830.txt, 1-480-1029-1414-1959
within_42915.txt, 1-306-647-993
within_42944.txt, 1-344-754-1209-1729
within_42986.txt, 1-435-730-1305-2220
within_42991.txt, 1-433-880-1166
within_43148.txt, 1-407-954-1439-1972
within_43157.txt, 1-516-811-1134-1562
within_43185.txt, 1-560-988-1371-1704
within_43255.txt, 1-418-844-1250-1741
within_4334.txt, 1-854-1262-1759-2242
within_43352.txt, 1-383-885-1355-1843
within_43404.txt, 1-382-770-1129-1441
within_43408.txt, 1-489-992-1338-1736
within_43520.txt, 1-402-749-1034-1491
within_43526.txt, 1-494-869-1187-1575
within_43553.txt, 1-799-1286-1765-2229
within_43610.txt, 1-391-683-1005-1547
within_43668.txt, 1-444-835-1223
within_43679.txt, 1-282-738-1109-1641
within_43782.txt, 1-490-1069-1772-2284
within_43787.txt, 1-490-959-1471-2174
within_43861.txt, 1-364-667-1074-1397
within_44177.txt, 1-626-1107-1517-1982
within_44397.txt, 1-877-1219-1573-1987
within_44426.txt, 1-877-1291-2167-2521
within_44449.txt, 1-359-1086-1402-1748
within_44459.txt, 1-438-903-1253-1675
within_44497.txt, 1-405-948-1429-2158
within_44533.txt, 1-361-886-1362-2063
within_44598.txt, 1-355-807-1309-1730
within_44687.txt, 1-403-886-1251-1558
within_4488.txt, 1-520-1084-1497
within_45000.txt, 1-496-899-1230-1771
within_45038.txt, 1-422-885-1260-1662
within_45278.txt, 1-303-760-1132
within_4529.txt, 1-553-1016-1639-2210
within_45415.txt, 1-607-1102-1470-2008
within_4549.txt, 1-385-778-1190-1549
within_45509.txt, 1-850-1169-1609-2117
within_45516.txt, 1-432-789-1142-1502
within_45565.txt, 1-501-863-1268-1707
within_45574.txt, 1-387-760-1198-1515
within_45591.txt, 1-336-765-1121
within_45612.txt, 1-440-899-1246-1624
within_45638.txt, 1-342-1167-1867-2237
within_45678.txt, 1-745-1790-2152
within_45791.txt, 1-325-627-1083-1433
within_45887.txt, 1-439-949-1381-1741
within_45919.txt, 1-494-1115-1447-2041
within_45934.txt, 1-404-875-1241-1801
within_45974.txt, 1-670-1681-3088-3382
within_45979.txt, 1-375-816-1245-1715
within_46054.txt, 1-336-1306-1672-1981
within_46059.txt, 1-301-691-986-1344
within_46096.txt, 1-861-1474-1973-2473
within_46134.txt, 1-446-770-1301-1732
within_46180.txt, 1-493-881-1714
within_46204.txt, 1-314-906-1432-1705
within_46205.txt, 1-421-975-1299-1708
within_46225.txt, 1-381-729-1155-1511
within_46282.txt, 1-343-723-1089-1435
within_46335.txt, 1-363-676-983-1335
within_46399.txt, 1-378-1145-1579-2124
within_46425.txt, 1-442-973-1674-2123
within_46484.txt, 1-346-678-1072-1414
within_4650.txt, 1-397-792-1155-1537
within_46555.txt, 1-339-639-1111-1518
within_46561.txt, 1-570-1118-1797-2145
within_46579.txt, 1-344-746-1270-1708
within_46581.txt, 1-320-671-982-1338
within_46611.txt, 1-316-758-1258-1552
within_46616.txt, 1-328-825-1213-1566
within_46690.txt, 1-437-943-1452-1982
within_46726.txt, 1-891-1437-1989
within_46770.txt, 1-407-740-1403-1819
within_46805.txt, 1-498-843-1211-1651
within_46817.txt, 1-413-889-1448-1936
within_46877.txt, 1-541-914-1450-2270
within_46895.txt, 1-573-1108-1785-2232
within_46957.txt, 1-470-1198-1654-2029
within_47115.txt, 1-397-1145-1626-2061
within_47122.txt, 1-321-681-1055-1555
within_47262.txt, 1-514-822-1400-1720
within_473.txt, 1-447-885-1271-1782
within_47313.txt, 1-395-952-1368
within_47333.txt, 1-393-707-1139-1487
within_4753.txt, 1-361-755-1167
within_47564.txt, 1-514-1074-1447-1975
within_47570.txt, 1-335-704-1005-1430
within_47624.txt, 1-566-1563-1918-2317
within_47668.txt, 1-566-921-1918-2317
within_47683.txt, 1-490-1396-1788-2349
within_47716.txt, 1-347-692-1196
within_47740.txt, 1-500-1057-1461-1817
within_47756.txt, 1-392-817-1137-1480
within_47763.txt, 1-515-1005-1345-1678
within_47779.txt, 1-347-705-1343-2535
within_47835.txt, 1-408-1219-1905-2294
within_47894.txt, 1-549-968-1339-1967
within_47934.txt, 1-451-842-1213-1622
within_47955.txt, 1-345-799-1174-1590
within_48077.txt, 1-446-823-1251-1712
within_48104.txt, 1-1228-1602-1909-2573
within_48126.txt, 1-424-723-1118-1529
within_48144.txt, 1-375-858-1615-2150
within_48202.txt, 1-348-770-1091-1453
within_4822.txt, 1-295-714-1083-1509
within_48245.txt, 1-394-822-1909-2269
within_48270.txt, 1-660-1180-1692-2168
within_48409.txt, 1-440-886-1468-2275
within_48494.txt, 1-377-729-1205-1745
within_48626.txt, 1-347-799-1230-1738
within_48635.txt, 1-720-1513-1841-2224
within_48651.txt, 1-424-780-1114-1547
within_4871.txt, 1-395-715-1102-1441
within_48751.txt, 1-338-679-1297
within_48774.txt, 1-339-718-1089-1458
within_48854.txt, 1-449-1279-1768-2131
within_48986.txt, 1-407-819-1162-1484
within_49010.txt, 1-572-1411-1804
within_49026.txt, 1-350-736-1032-1387
within_49042.txt, 1-568-1318-2378-2692
within_49093.txt, 1-464-752-1129-1455
within_49116.txt, 1-342-721-1164
within_49138.txt, 1-560-1034-1366-2044
within_49139.txt, 1-679-1238-1906-2348
within_49163.txt, 1-428-857-1382-1778
within_49172.txt, 1-473-940-1282-1727
within_49184.txt, 1-456-1348-1691-2325
within_49257.txt, 1-406-708-1086-1592
within_49331.txt, 1-341-630-953-1416
within_49360.txt, 1-426-1034-1418-2017
within_49442.txt, 1-834-1258-2020-2461
within_4969.txt, 1-455-972-1344-1760
within_49816.txt, 1-452-844-1267-1633
within_49836.txt, 1-894-1267-1726-2221
within_49870.txt, 1-541-844-1585-2113
within_499.txt, 1-384-888-1286-1592
within_49905.txt, 1-444-895-1287-1697
within_5013.txt, 1-397-802-1147-1486
within_50161.txt, 1-508-874-1203-1593
within_50310.txt, 1-363-839-1280-1645
within_50342.txt, 1-638-958-1406-1818
within_5038.txt, 1-364-767-1093-1455
within_50426.txt, 1-519-968-1315-2168
within_5058.txt, 1-1000-2076-2461
within_50617.txt, 1-640-1352-1848-2226
within_50666.txt, 1-564-1218-1616-1971
within_50700.txt, 1-468-1083-1559-2283
within_50701.txt, 1-421-965-1414-2502
within_50776.txt, 1-471-833-1208-1583
within_50847.txt, 1-510-906-1279-1651
within_5092.txt, 1-482-910-1335
within_50920.txt, 1-568-1245-1706-2116
within_50953.txt, 1-402-873-1479-1969
within_5103.txt, 1-572-1648-2647
within_51193.txt, 1-342-1045-1566-2099
within_51210.txt, 1-464-893-1868-2254
within_51253.txt, 1-657-1099-2027-2414
within_51279.txt, 1-336-807-1167-1684
within_51283.txt, 1-350-741-1235-1624
within_51311.txt, 1-441-942-1451-1905
within_51375.txt, 1-413-885-1183-1701
within_51435.txt, 1-458-968-1350-1748
within_51439.txt, 1-396-693-1595-2029
within_51483.txt, 1-849-1499-1826-2288
within_51486.txt, 1-466-928-1295-2359
within_51506.txt, 1-465-950-1271-1695
within_51563.txt, 1-474-789-1166-1525
within_51617.txt, 1-320-627-1034-1606
within_51721.txt, 1-433-972-1774-2149
within_51808.txt, 1-404-2436-2824-3172
within_51961.txt, 1-342-687-1060-1512
within_51980.txt, 1-389-931-1402-2019
within_52050.txt, 1-472-1686-2251-2584
within_52084.txt, 1-334-1548-1895-2193
within_52123.txt, 1-366-1304-1615-3217
within_52137.txt, 1-400-1252-1929-2317
within_52198.txt, 1-853-1222-1621-2009
within_52254.txt, 1-415-932-1395-1792
within_52418.txt, 1-387-717-1122-1487
within_52435.txt, 1-317-682-1107
within_52436.txt, 1-357-809-1460-2197
within_52442.txt, 1-663-1122-1443-2416
within_52451.txt, 1-317-765-1087-1529
within_52480.txt, 1-518-915-1378-2178
within_5252.txt, 1-285-615-1005-1344
within_52555.txt, 1-476-828-1280-1831
within_52617.txt, 1-979-1925-3267
within_52661.txt, 1-431-863-1244-2200
within_52676.txt, 1-947-2289-2645
within_52688.txt, 1-348-754-1194-1586
within_52950.txt, 1-507-1006-1557-2241
within_52966.txt, 1-326-755-1186-1570
within_53006.txt, 1-507-1191-1607-2158
within_53143.txt, 1-439-873-1256-1636
within_53195.txt, 1-376-674-1116
within_53250.txt, 1-431-832-1316-1864
within_53335.txt, 1-361-739-1056-1462
within_53360.txt, 1-622-1381-2018-2855
within_53379.txt, 1-369-885-1391-1937
within_53484.txt, 1-392-855-1224-1620
within_53507.txt, 1-504-939-1466-2039
within_53587.txt, 1-804-1328-1655-2139
within_53594.txt, 1-377-752-1117-1565
within_53674.txt, 1-382-731-1126-1600
within_53775.txt, 1-327-677-1110
within_53831.txt, 1-422-1004-1387-1873
within_53860.txt, 1-651-1129-1783-2181
within_53918.txt, 1-471-1528-2434-2897
within_54036.txt, 1-477-821-1148-1616
within_54043.txt, 1-596-1123-1678
within_54119.txt, 1-517-879-1234
within_54162.txt, 1-418-801-1372-1687
within_54207.txt, 1-636-1309-1623-2060
within_54287.txt, 1-389-801-1197-1800
within_54513.txt, 1-449-770-1092-1589
within_54643.txt, 1-283-637-1024-1490
within_54654.txt, 1-520-880-1267
within_54689.txt, 1-472-869-1197
within_54761.txt, 1-304-757-1269-1697
within_54763.txt, 1-491-798-1476-1859
within_54765.txt, 1-347-912-1498-1945
within_54777.txt, 1-326-664-1039-1366
within_54782.txt, 1-866-1241-1885-2189
within_5481.txt, 1-453-740-2177-2752
within_54820.txt, 1-589-911-1958
within_54821.txt, 1-742-1789-2945-3267
within_54865.txt, 1-325-734-1072-1446
within_54867.txt, 1-323-1075-2122
within_55025.txt, 1-356-743-1118-2041
within_55032.txt, 1-814-1369-2250
within_55033.txt, 1-353-787-1215
within_55034.txt, 1-378-1434-2016-2379
within_55071.txt, 1-931-1336-1813-2611
within_55184.txt, 1-691-1234-1537-2242
within_55213.txt, 1-349-828-1166-1579
within_55320.txt, 1-743-1292-1608-2077
within_55530.txt, 1-385-1165-1696-2327
within_5560.txt, 1-704-1302-1809-2282
within_55679.txt, 1-557-909-1300-1893
within_55763.txt, 1-425-1016-1472-2066
within_558.txt, 1-780-1324-1772-2239
within_55869.txt, 1-805-1271-1711-2022
within_55914.txt, 1-450-1169-1614-2088
within_55955.txt, 1-962-1496-2333-2683
within_55960.txt, 1-701-1378-2042-2374
within_55979.txt, 1-367-717-1109-1492
within_56011.txt, 1-621-1180-1567-2009
within_56012.txt, 1-951-1503-1927-2369
within_56013.txt, 1-647-1034-1586-2206
within_56058.txt, 1-359-683-1054-1436
within_56065.txt, 1-469-938-1733-2405
within_56166.txt, 1-388-739-1111-1449
within_56182.txt, 1-351-989-1517-2154
within_56213.txt, 1-340-748-1879-2216
within_56254.txt, 1-382-727-1323-1770
within_56306.txt, 1-548-955-1388-1771
within_56321.txt, 1-409-708-1035
within_56362.txt, 1-295-707-1212-1593
within_56364.txt, 1-364-1410-1873-3614
within_56413.txt, 1-473-2214-2728-3046
within_56416.txt, 1-652-1074-1770-2096
within_56469.txt, 1-529-970-1335-1785
within_5648.txt, 1-403-999-1724-2269
within_56545.txt, 1-376-828-1221-1669
within_56570.txt, 1-323-1668-2354-2659
within_56632.txt, 1-389-857-1711-2431
within_56702.txt, 1-979-1295-1853-2291
within_56725.txt, 1-1005-1399-1829-2380
within_56806.txt, 1-384-786-1228-1590
within_56860.txt, 1-330-1294-1706-2150
within_56867.txt, 1-964-1557-1958
within_56927.txt, 1-418-685-1099-1847
within_57035.txt, 1-329-705-1169-1539
within_57118.txt, 1-379-727-1498-2435
within_57166.txt, 1-427-813-1290-1753
within_57193.txt, 1-939-1389-1758-2737
within_57376.txt, 1-444-1011-1736-2230
within_57501.txt, 1-396-975-1384-2163
within_57508.txt, 1-446-916-1278-2198
within_57565.txt, 1-536-1165-1578-2294
within_57583.txt, 1-336-794-1210-1563
within_5763.txt, 1-402-728-1094-1473
within_57640.txt, 1-353-790-1146-1543
within_57651.txt, 1-402-839-1571-2258
within_57708.txt, 1-384-813-1150-1539
within_57832.txt, 1-677-1086-1444-1909
within_57835.txt, 1-283-718-1118
within_58081.txt, 1-320-883-1220-1582
within_58095.txt, 1-417-719-1005-1470
within_5814.txt, 1-334-658-960-1314
within_58192.txt, 1-385-737-1038-1483
within_58223.txt, 1-343-707-1059-1496
within_58237.txt, 1-621-1090-1932-2517
within_58507.txt, 1-470-905-1253-1623
within_58628.txt, 1-497-851-1281-1702
within_5879.txt, 1-342-663-969-1382
within_58908.txt, 1-358-753-1336-1814
within_58909.txt, 1-363-1219-1523-2007
within_58947.txt, 1-328-778-1097-1445
within_58989.txt, 1-360-802-1140-1481
within_58994.txt, 1-332-812-1130-1604
within_59103.txt, 1-364-760-1284
within_59161.txt, 1-799-1310-1665-2242
within_59205.txt, 1-358-890-1629-2318
within_59369.txt, 1-427-938-1736-2313
within_59384.txt, 1-320-751-1081-1427
within_59433.txt, 1-475-833-1271-1734
within_59575.txt, 1-396-738-1162-1508
within_59665.txt, 1-479-959-1373-2204
within_59677.txt, 1-374-689-1046
within_59685.txt, 1-332-763-1170-1497
within_59710.txt, 1-453-1226-1590-2149
within_59711.txt, 1-533-984-1466-2117
within_59828.txt, 1-945-1305-1835-2264
within_5991.txt, 1-495-1119-1470-1830
within_59978.txt, 1-646-1022-1584-2240
within_60007.txt, 1-539-1020-1418-1868
within_60023.txt, 1-997-1642-2015-2475
within_60038.txt, 1-390-770-1402-1779
within_60276.txt, 1-1320-1655-2436-3328
within_60376.txt, 1-839-1310-2186
within_6044.txt, 1-399-942-1289-1731
within_60512.txt, 1-389-908-1251-1624
within_60541.txt, 1-638-1232-1781-2239
within_60628.txt, 1-400-798-1195-1576
within_60656.txt, 1-331-788-1580-2188
within_60707.txt, 1-432-903-1587-2152
within_60760.txt, 1-370-676-1071-1623
within_60763.txt, 1-403-1397-1709-2140
within_60827.txt, 1-397-736-1115-1499
within_60829.txt, 1-594-902-1722-2231
within_60832.txt, 1-388-953-1499-1948
within_60953.txt, 1-373-891-1260-1640
within_6099.txt, 1-368-710-1060-1575
within_61002.txt, 1-459-872-1186-1619
within_61004.txt, 1-757-1192-1607-2071
within_61047.txt, 1-387-697-1096-1629
within_61187.txt, 1-531-1066-1561-2016
within_61233.txt, 1-712-1167-1633-1967
within_61250.txt, 1-415-819-1301-1636
within_61310.txt, 1-658-1079-1875-2358
within_61323.txt, 1-357-780-1794-2248
within_61375.txt, 1-291-756-1017-1428
within_61385.txt, 1-438-828-1181-1522
within_61386.txt, 1-498-895-1377-1896
within_61457.txt, 1-358-852-1327-1727
within_61467.txt, 1-355-735-1139-1528
within_6161.txt, 1-310-748-1131-1554
within_61641.txt, 1-728-1140-2677
within_61670.txt, 1-379-779-1183-1530
within_6173.txt, 1-398-719-1140-1531
within_61830.txt, 1-364-788-1217-1586
within_61952.txt, 1-405-882-1251-1623
within_62000.txt, 1-331-737-1073-1428
within_62003.txt, 1-312-1040-2214-2797
within_62045.txt, 1-492-931-1574-2034
within_62061.txt, 1-377-838-1253-1662
within_62116.txt, 1-486-1234-1592-2034
within_62118.txt, 1-665-1027-1511-1929
within_62124.txt, 1-729-1295-1838-2354
within_6214.txt, 1-365-975-1308-1740
within_62173.txt, 1-304-642-1062-1396
within_62251.txt, 1-396-703-1059
within_62253.txt, 1-573-1022-1378
within_62315.txt, 1-581-1233-1742-2254
within_62325.txt, 1-347-707-1086-1370
within_62336.txt, 1-575-928-2360
within_62343.txt, 1-352-882-1268-1698
within_62353.txt, 1-728-1490-2017-2507
within_62535.txt, 1-341-723-1056-1428
within_62542.txt, 1-400-778-1112-1543
within_62608.txt, 1-573-2287-3122
within_62663.txt, 1-390-826-1197
within_62719.txt, 1-462-906-1450-1801
within_62791.txt, 1-310-609-1168-1772
within_62794.txt, 1-315-667-1073-1395
within_62862.txt, 1-421-739-1311
within_63080.txt, 1-464-894-1721-2063
within_63096.txt, 1-556-1507-1861-2254
within_63131.txt, 1-510-1065-1464-1788
within_63233.txt, 1-357-1227-1604-1952
within_63242.txt, 1-363-739-1081-1358
within_63267.txt, 1-301-674-995
within_6331.txt, 1-334-660-1027-1454
within_63360.txt, 1-667-1177-1647-2320
within_63382.txt, 1-414-837-1230-1526
within_63401.txt, 1-499-1062-1638-2130
within_63422.txt, 1-356-781-1636-2014
within_63536.txt, 1-399-699-1079-1474
within_63560.txt, 1-420-920-1609-2129
within_63577.txt, 1-461-1241-1878-2255
within_63670.txt, 1-901-1615-2556-2967
within_63680.txt, 1-362-1011-1495-1903
within_63765.txt, 1-361-652-979-1322
within_63768.txt, 1-649-1188-1500-1916
within_63806.txt, 1-377-1126-1578-2214
within_63887.txt, 1-661-1069-1805-2161
within_63913.txt, 1-328-644-1378-2318
within_63924.txt, 1-297-727-1248-1709
within_63938.txt, 1-413-814-1144-1520
within_64183.txt, 1-465-997-1514-2317
within_64201.txt, 1-791-1202-1677-2177
within_6436.txt, 1-415-831-1156-1654
within_64430.txt, 1-429-750-1173-1605
within_64436.txt, 1-328-1439-1872-2178
within_64444.txt, 1-574-1028-1836-2298
within_64471.txt, 1-385-1143-1897-2375
within_64484.txt, 1-328-849-1368-2479
within_64621.txt, 1-570-1236-1610-2044
within_64660.txt, 1-476-830-1233-1637
within_64668.txt, 1-327-808-1239-1569
within_6476.txt, 1-305-684-1040-1379
within_64934.txt, 1-400-740-1153-1500
within_64997.txt, 1-517-906-1600-2164
within_65059.txt, 1-487-895-1431-1782
within_65062.txt, 1-313-973-1670-2237
within_65070.txt, 1-440-935-1272-1797
within_6509.txt, 1-490-905-1313-1903
within_65183.txt, 1-372-709-1144-1643
within_65324.txt, 1-421-817-1365-2096
within_65326.txt, 1-2079-2554-3680-4105
within_65416.txt, 1-393-920-1361-1858
within_65424.txt, 1-350-653-988-1292
within_65440.txt, 1-434-947-1350-1780
within_65637.txt, 1-749-1227-1834-2309
within_65723.txt, 1-319-755-1163-1517
within_65730.txt, 1-598-1256-1684-2128
within_65763.txt, 1-407-1569-1982-2417
within_65821.txt, 1-407-741-1214-1550
within_65949.txt, 1-343-811-1462-2026
within_65991.txt, 1-299-712-1101-1559
within_66009.txt, 1-412-770-1234-1550
within_66017.txt, 1-328-670-1005-1336
within_66098.txt, 1-390-840-1183-1660
within_66163.txt, 1-425-1003-1795-2249
within_66203.txt, 1-516-1044-1651-1977
within_66224.txt, 1-342-774-1098-1566
within_66240.txt, 1-381-797-1193-1610
within_66320.txt, 1-448-1045-1574-2087
within_66324.txt, 1-376-739-1144-1474
within_66350.txt, 1-338-625-1590-2273
within_66408.txt, 1-387-956-1759-2343
within_66571.txt, 1-600-1029-1414-2557
within_66702.txt, 1-412-1153-1988
within_66788.txt, 1-297-654-981-1440
within_66791.txt, 1-429-826-1133-1547
within_66953.txt, 1-485-784-1142-1557
within_67067.txt, 1-410-977-1432-2149
within_67123.txt, 1-589-1266-1673-2111
within_67207.txt, 1-405-781-1061-1508
within_67214.txt, 1-404-873-1630-1947
within_67243.txt, 1-858-1291-1756-2255
within_67320.txt, 1-303-606-1146-1495
within_67343.txt, 1-423-890-1586-2152
within_67354.txt, 1-704-1066-2129-2492
within_67394.txt, 1-382-736-1106-1426
within_67428.txt, 1-442-1048-1374-1806
within_67465.txt, 1-350-768-1182-1719
within_67504.txt, 1-275-710-1259-1868
within_67509.txt, 1-476-912-1415-2301
within_67560.txt, 1-533-1137-1630-2307
within_67630.txt, 1-482-935-1577-2318
within_67710.txt, 1-302-733-1178-1529
within_67734.txt, 1-324-685-1033-1368
within_67766.txt, 1-555-1253-1743-2302
within_67812.txt, 1-456-853-1205-1585
within_67843.txt, 1-656-1102-1466-2199
within_67890.txt, 1-408-895-1257-1591
within_67924.txt, 1-388-917-1346-1853
within_67967.txt, 1-447-1257-1639-1962
within_68019.txt, 1-811-1247-2171-2494
within_68035.txt, 1-481-981-1660-2052
within_68050.txt, 1-508-935-1366-1962
within_68071.txt, 1-481-783-1223-1614
within_68091.txt, 1-570-1050-1567-2076
within_68212.txt, 1-397-706-1062-1402
within_68226.txt, 1-310-712-1026-1358
within_68368.txt, 1-512-1019-1409-1840
within_68415.txt, 1-409-1196-1697-2138
within_68528.txt, 1-439-842-1159-1427
within_68535.txt, 1-516-1016-1493-1814
within_68655.txt, 1-440-811-1138-1487
within_68707.txt, 1-365-1040-1515-2210
within_68735.txt, 1-504-888-1245-1621
within_68739.txt, 1-491-1399-1837-3148
within_68766.txt, 1-374-688-1145-1455
within_68824.txt, 1-399-716-1177-1609
within_68843.txt, 1-479-844-1823-2179
within_68848.txt, 1-923-1497-1892-2305
within_68858.txt, 1-504-977-1549-2320
within_68870.txt, 1-424-875-1304-1708
within_68876.txt, 1-1084-1522-2833-3323
within_68894.txt, 1-795-1216-1711-2256
within_68969.txt, 1-354-882-1330-1761
within_68989.txt, 1-358-924-1503-1872
within_69036.txt, 1-349-831-1353-1740
within_69143.txt, 1-417-860-1266-1635
within_69230.txt, 1-332-778-1155-1511
within_69287.txt, 1-368-687-1142-1548
within_69309.txt, 1-659-1124-1544-2174
within_69449.txt, 1-388-773-1264-1570
within_6945.txt, 1-419-816-1158-1479
within_69487.txt, 1-490-1333-1624-2136
within_69597.txt, 1-441-804-1184-1567
within_69626.txt, 1-657-1108-1405-1837
within_69835.txt, 1-463-894-1289-1667
within_69866.txt, 1-421-776-1098-1519
within_69946.txt, 1-316-898-1283-2941
within_70066.txt, 1-507-1008-1355-1809
within_70111.txt, 1-405-859-1387-2291
within_70140.txt, 1-547-1029-1612-2121
within_70142.txt, 1-451-765-1087-1352
within_70151.txt, 1-482-1313-1850-2173
within_70156.txt, 1-497-1038-1519-2231
within_70164.txt, 1-603-900-1267-1770
within_70165.txt, 1-945-1662-2166-2781
within_70196.txt, 1-490-1005-1520-2115
within_70249.txt, 1-370-674-987-1410
within_70430.txt, 1-282-683-1078-1418
within_70455.txt, 1-336-743-1043-1433
within_70463.txt, 1-449-967-1392-1828
within_70473.txt, 1-395-826-1227-1691
within_7062.txt, 1-463-933-1313-1668
within_7154.txt, 1-372-737-1134
within_740.txt, 1-632-1123-1684-2145
within_7829.txt, 1-488-842-1377
within_787.txt, 1-632-1080-1651-2150
within_7964.txt, 1-335-706-1154-1602
within_7968.txt, 1-327-709-1072-1472
within_8014.txt, 1-311-652-1008-1519
within_81319.txt, 1-328-654-975-1342
within_81363.txt, 1-510-1085-1601-2113
within_81433.txt, 1-401-904-1258-1704
within_81436.txt, 1-565-972-1458-2147
within_81621.txt, 1-405-805-1139-1457
within_81655.txt, 1-443-767-1232-1656
within_81671.txt, 1-403-726-1158-1706
within_81762.txt, 1-349-780-1233-1566
within_81771.txt, 1-351-824-1263-1613
within_81838.txt, 1-352-792-1223-1697
within_821.txt, 1-585-1133-1526-2145
within_82260.txt, 1-307-666-1001-1437
within_82412.txt, 1-401-809-1184-1510
within_82432.txt, 1-482-942-1288
within_82556.txt, 1-511-995-1354-1792
within_82563.txt, 1-600-1085-1601-2257
within_82598.txt, 1-532-914-1354-1812
within_82767.txt, 1-357-776-1148-1655
within_82902.txt, 1-342-795-1194-1638
within_82933.txt, 1-378-773-1229-1668
within_82935.txt, 1-480-828-1372-2159
within_82952.txt, 1-385-804-1164-1583
within_83038.txt, 1-297-704-1055-1561
within_83128.txt, 1-352-777-1112-1641
within_83301.txt, 1-378-790-1229-1558
within_83334.txt, 1-640-1045-1922-2439
within_83388.txt, 1-437-992-1284
within_83398.txt, 1-405-830-1181-1604
within_83458.txt, 1-435-770-1143-1533
within_83627.txt, 1-425-943-1416-2088
within_83629.txt, 1-985-1386-1819-2256
within_83656.txt, 1-466-915-1702-2046
within_83744.txt, 1-368-826-1268-1629
within_83879.txt, 1-371-811-1072-1536
within_83958.txt, 1-366-849-1300-1668
within_84005.txt, 1-875-4031-5087-5577
within_84112.txt, 1-367-697-1107-1422
within_84141.txt, 1-702-1053-1733-2222
within_84171.txt, 1-462-787-1158-1536
within_84186.txt, 1-652-1189-1751-2078
within_84228.txt, 1-308-777-1266-1711
within_843.txt, 1-451-775-1130-1598
within_84361.txt, 1-322-739-1116-1451
within_84389.txt, 1-514-1322-1808-2415
within_8446.txt, 1-352-1222-1775
within_84583.txt, 1-433-778-1169-1576
within_8463.txt, 1-378-812-1123-1412
within_84656.txt, 1-309-783-1384-1768
within_84713.txt, 1-324-707-1355-1783
within_84745.txt, 1-411-718-1064-1721
within_84759.txt, 1-509-853-1161-1615
within_84812.txt, 1-393-691-1308-1975
within_8496.txt, 1-398-847-1159-1504
within_84962.txt, 1-356-694-1103-1465
within_85116.txt, 1-582-1053-1978-2977
within_85146.txt, 1-377-868-1304-1958
within_85206.txt, 1-407-720-1094-1491
within_85314.txt, 1-332-635-967-1395
within_85405.txt, 1-553-850-1225-1572
within_85479.txt, 1-469-879-1302-2066
within_85527.txt, 1-393-1215-1731-2099
within_85562.txt, 1-346-678-1151-1426
within_85567.txt, 1-515-1792-2141-2638
within_856.txt, 1-351-908-1275-1598
within_85615.txt, 1-494-865-1352-1778
within_85824.txt, 1-295-775-1132-1560
within_85947.txt, 1-461-840-1152-1548
within_85949.txt, 1-563-956-1830-2257
within_86026.txt, 1-659-1073-1481-2040
within_86063.txt, 1-398-744-1117-1447
within_86180.txt, 1-515-1157-1649-2113
within_86209.txt, 1-350-814-1116-1434
within_86230.txt, 1-341-722-1192-1517
within_86267.txt, 1-464-964-1653-2191
within_86288.txt, 1-437-905-1238
within_86340.txt, 1-323-726-1158-1523
within_86371.txt, 1-306-756-1616-1964
within_86458.txt, 1-522-879-1227-1646
within_86630.txt, 1-410-773-1176-1492
within_86703.txt, 1-343-823-1154-1586
within_86743.txt, 1-547-949-1350-1660
within_86967.txt, 1-1131-1770-2250-3268
within_86990.txt, 1-295-702-1127-1596
within_87058.txt, 1-482-953-1439
within_87128.txt, 1-356-802-1131-1455
within_87213.txt, 1-391-925-1452-1884
within_87244.txt, 1-567-931-1294-1774
within_87284.txt, 1-640-990-1460-2462
within_87288.txt, 1-347-907-1260-1676
within_87472.txt, 1-414-865-1215-1562
within_87666.txt, 1-411-835-1189-1620
within_877.txt, 1-331-749-1209-1577
within_88013.txt, 1-395-769-1206
within_88073.txt, 1-384-705-1062-1408
within_88091.txt, 1-919-1241-1654-2066
within_88124.txt, 1-532-1182-1691-2072
within_88126.txt, 1-560-1026-1432-2048
within_88213.txt, 1-528-946-1375-1984
within_88214.txt, 1-423-737-1139-1480
within_88221.txt, 1-703-1292-1995-2575
within_88270.txt, 1-691-1046-3248-3648
within_88333.txt, 1-316-777-1169-1678
within_88414.txt, 1-1080-1632-2057-2791
within_88687.txt, 1-338-635-1010-1390
within_88748.txt, 1-340-750-1924-2337
within_88763.txt, 1-1024-1463-1912-2264
within_88783.txt, 1-546-1211-3903
within_88794.txt, 1-410-723-1179-1650
within_88849.txt, 1-298-714-1101-1567
within_88862.txt, 1-440-809-1113-1502
within_88865.txt, 1-671-1220-1768-2328
within_88870.txt, 1-389-827-1215-1640
within_88874.txt, 1-449-856-1740-2203
within_88923.txt, 1-407-734-1067-1437
within_88958.txt, 1-383-760-1251-1788
within_89101.txt, 1-536-909-1271-1703
within_89194.txt, 1-435-795-1170-1612
within_89261.txt, 1-441-827-1127-1504
within_89312.txt, 1-347-741-1097-1475
within_89468.txt, 1-419-872-1317-1709
within_89506.txt, 1-425-827-1143-1496
within_89522.txt, 1-898-1408-1712-2419
within_89552.txt, 1-331-708-1132-1470
within_89562.txt, 1-498-830-1235-1600
within_89593.txt, 1-484-1187-1548-2019
within_89730.txt, 1-354-738-1362-1779
within_89873.txt, 1-348-847-1295-1690
within_89976.txt, 1-328-908-1224-1562
within_90228.txt, 1-536-801-1162-1508
within_90364.txt, 1-982-1885-2338-2872
within_90430.txt, 1-476-890-1167-1612
within_90477.txt, 1-324-700-1092-1438
within_90493.txt, 1-416-1009-1329-1826
within_90570.txt, 1-355-930-1482-1951
within_90717.txt, 1-422-770-1265-1652
within_90738.txt, 1-503-948-1340-1668
within_90755.txt, 1-524-3409-3838
within_90843.txt, 1-468-910-1206-1536
within_90904.txt, 1-390-911-1584-2009
within_90973.txt, 1-599-947-1551-2112
within_90985.txt, 1-448-854-1218-1662
within_90996.txt, 1-486-791-1134-1564
within_91145.txt, 1-292-834-1118-1589
within_91195.txt, 1-402-817-1239-1552
within_91204.txt, 1-487-847-1330-1633
within_91488.txt, 1-448-963-1522-2131
within_91515.txt, 1-398-832-1150-1523
within_91545.txt, 1-422-1702-2228
within_91660.txt, 1-391-774-1232-1619
within_91878.txt, 1-558-1166-1724-2089
within_91932.txt, 1-444-725-1158-1466
within_920.txt, 1-464-757-1239-1615
within_92141.txt, 1-358-735-1227
within_92192.txt, 1-630-1026-1567-2183
within_92218.txt, 1-395-762-1275-1685
within_92282.txt, 1-513-844-1221-1771
within_92313.txt, 1-1756-2094-2571
within_92363.txt, 1-320-689-1054-1532
within_92467.txt, 1-952-1533-1937-2356
within_92669.txt, 1-819-1290-1834-2203
within_92925.txt, 1-654-1240-1835-2162
within_92937.txt, 1-473-869-1327-1828
within_92980.txt, 1-421-835-1221-1630
within_931.txt, 1-310-743-1205-1631
within_93130.txt, 1-323-791-1162-1510
within_93291.txt, 1-684-1049-1482-1988
within_93325.txt, 1-412-720-1174-1533
within_93396.txt, 1-349-789-1138-1574
within_93547.txt, 1-1093-1860-2226-2726
within_93695.txt, 1-404-726-1070-1536
within_93774.txt, 1-339-804-1168-1505
within_93795.txt, 1-435-832-1301-1749
within_93862.txt, 1-305-689-1178-1484
within_93926.txt, 1-451-1190-1576-2294
within_93970.txt, 1-397-706-1109-2196
within_93971.txt, 1-310-978-1559-2036
within_94153.txt, 1-389-845-1244-2008
within_94246.txt, 1-321-1068-1521-1974
within_94258.txt, 1-314-633-956-1384
within_94355.txt, 1-306-692-1033-1438
within_94397.txt, 1-326-785-1324-1750
within_94403.txt, 1-413-724-1053-1321
within_94465.txt, 1-301-650-1016-1449
within_94495.txt, 1-409-893-1257-1517
within_94497.txt, 1-529-1166-1648-2048
within_94541.txt, 1-294-591-928-1328
within_94558.txt, 1-639-1142-1604-2220
within_94589.txt, 1-425-887-1285
within_94683.txt, 1-524-961-1442
within_94709.txt, 1-963-1461-2040-2397
within_94825.txt, 1-349-742-1281-1811
within_94846.txt, 1-376-708-1116-1432
within_94925.txt, 1-496-864-1253-1625
within_95134.txt, 1-372-794-1275-1756
within_95137.txt, 1-412-842-1365-1791
within_95489.txt, 1-363-865-1192
within_95569.txt, 1-386-740-1252-1618
within_95641.txt, 1-299-719-1123-1509
within_95710.txt, 1-473-948-1692-2165
within_95711.txt, 1-473-948-1692-2137
within_95826.txt, 1-591-1038-1634-2118
within_95841.txt, 1-345-778-1227-1602
within_95880.txt, 1-326-808-1229-1721
within_95981.txt, 1-398-903-1239-1716
within_96051.txt, 1-456-790-1206-1584
within_96154.txt, 1-417-832-1159-1561
within_96335.txt, 1-450-1010-1642-2040
within_96340.txt, 1-438-1219-1674-2181
within_96353.txt, 1-469-783-1121-1461
within_96365.txt, 1-286-609-1030-1508
within_96376.txt, 1-385-850-1259
within_96477.txt, 1-487-1254-1739-2169
within_96589.txt, 1-322-743-1043-1501
within_96632.txt, 1-322-669-1183-1491
within_96703.txt, 1-386-950-1654-2120
within_96751.txt, 1-370-678-945-1391
within_96909.txt, 1-425-926-1244-1681
within_96965.txt, 1-630-1060-1388-1830
within_97052.txt, 1-340-711-1063-1472
within_97082.txt, 1-481-1099-1470-2175
within_97151.txt, 1-315-745-1110-1443
within_973.txt, 1-363-706-1103-1412
within_97312.txt, 1-485-983-1435-1867
within_97326.txt, 1-315-634-1112
within_97350.txt, 1-407-789-1116-1488
within_97364.txt, 1-449-848-1245-1624
within_97422.txt, 1-634-1209-1618-2374
within_97456.txt, 1-325-659-1086-1467
within_97464.txt, 1-1316-1723-2092-2561
within_97673.txt, 1-600-1086-1787-2361
within_97688.txt, 1-405-821-1178-1476
within_97703.txt, 1-432-848-1286-1746
within_97724.txt, 1-379-746-1151-1678
